candidate,fold,seed,lookback,n_features,n_train,n_eval,params,elapsed_seconds,mse,rmse,mae,r2,peak_threshold,n_peak,peak_mae,peak_recall,peak_precision,peak_f1
1,fold1,42,168,9,2736,744,"{""colsample_bytree"": 0.8, ""learning_rate"": 0.01, ""max_depth"": 3, ""min_child_weight"": 1, ""n_estimators"": 200}",3.19,234.69218616690756,15.319666646729216,11.215969941949332,0.9212872219550876,177.0,11,30.64334661310369,0.0,0.0,0.0
1,fold2,42,168,9,3480,720,"{""colsample_bytree"": 0.8, ""learning_rate"": 0.01, ""max_depth"": 3, ""min_child_weight"": 1, ""n_estimators"": 200}",3.34,322.28883791777344,17.95240479483942,13.16802814801534,0.8981118107942591,177.0,66,33.138791517777875,0.0,0.0,0.0
1,fold3,42,168,9,4200,744,"{""colsample_bytree"": 0.8, ""learning_rate"": 0.01, ""max_depth"": 3, ""min_child_weight"": 1, ""n_estimators"": 200}",3.85,675.5514670151871,25.991372934402428,20.41787532068068,0.8351121715551125,177.0,99,45.078134941332266,0.0,0.0,0.0
2,fold1,42,168,9,2736,744,"{""colsample_bytree"": 1.0, ""learning_rate"": 0.01, ""max_depth"": 3, ""min_child_weight"": 1, ""n_estimators"": 200}",3.2,229.88569528077673,15.161981904776722,11.04555199735908,0.9228992579434774,177.0,11,29.409924593838777,0.0,0.0,0.0
2,fold2,42,168,9,3480,720,"{""colsample_bytree"": 1.0, ""learning_rate"": 0.01, ""max_depth"": 3, ""min_child_weight"": 1, ""n_estimators"": 200}",3.48,305.88298825853764,17.48951080672463,12.862412887149388,0.9032983457203853,177.0,66,32.76929820667613,0.0,0.0,0.0
2,fold3,42,168,9,4200,744,"{""colsample_bytree"": 1.0, ""learning_rate"": 0.01, ""max_depth"": 3, ""min_child_weight"": 1, ""n_estimators"": 200}",3.93,659.3024873106738,25.67688624640211,20.238144556681316,0.8390782039134761,177.0,99,45.48867782438644,0.0,0.0,0.0
3,fold1,42,168,9,2736,744,"{""colsample_bytree"": 0.8, ""learning_rate"": 0.01, ""max_depth"": 3, ""min_child_weight"": 5, ""n_estimators"": 200}",3.16,229.13058168490065,15.137059875844471,11.118293777588875,0.923152513451646,177.0,11,28.569838783957742,0.0,0.0,0.0
3,fold2,42,168,9,3480,720,"{""colsample_bytree"": 0.8, ""learning_rate"": 0.01, ""max_depth"": 3, ""min_child_weight"": 5, ""n_estimators"": 200}",3.76,319.42313892981326,17.872412789822565,13.112962908214993,0.8990177710582831,177.0,66,32.85962249293472,0.0,0.0,0.0
3,fold3,42,168,9,4200,744,"{""colsample_bytree"": 0.8, ""learning_rate"": 0.01, ""max_depth"": 3, ""min_child_weight"": 5, ""n_estimators"": 200}",3.89,636.5468229741457,25.229879567174823,19.558102551326957,0.8446323804055339,177.0,99,44.95742743906349,0.0,0.0,0.0
4,fold1,42,168,9,2736,744,"{""colsample_bytree"": 1.0, ""learning_rate"": 0.01, ""max_depth"": 3, ""min_child_weight"": 5, ""n_estimators"": 200}",3.48,217.49521796895354,14.747719076825186,10.880885734353015,0.9270548666428758,177.0,11,26.62404285777699,0.0,0.0,0.0
4,fold2,42,168,9,3480,720,"{""colsample_bytree"": 1.0, ""learning_rate"": 0.01, ""max_depth"": 3, ""min_child_weight"": 5, ""n_estimators"": 200}",3.31,304.5435349231521,17.451175746153957,12.83619303703308,0.9037217996499403,177.0,66,32.65534268003522,0.0,0.0,0.0
4,fold3,42,168,9,4200,744,"{""colsample_bytree"": 1.0, ""learning_rate"": 0.01, ""max_depth"": 3, ""min_child_weight"": 5, ""n_estimators"": 200}",3.97,638.4512521739674,25.26759292401964,19.59607574760273,0.8441675495073448,177.0,99,45.525950576319836,0.0,0.0,0.0
5,fold1,42,168,9,2736,744,"{""colsample_bytree"": 0.8, ""learning_rate"": 0.01, ""max_depth"": 3, ""min_child_weight"": 1, ""n_estimators"": 500}",7.4,125.99362041465484,11.224687987407705,6.635284336664343,0.9577433401565372,177.0,11,16.015256014737215,0.0,0.0,0.0
5,fold2,42,168,9,3480,720,"{""colsample_bytree"": 0.8, ""learning_rate"": 0.01, ""max_depth"": 3, ""min_child_weight"": 1, ""n_estimators"": 500}",7.93,188.83841612661845,13.741849079604188,8.11856500837538,0.9403007426632312,177.0,66,21.23727104880593,0.0,0.0,0.0
5,fold3,42,168,9,4200,744,"{""colsample_bytree"": 0.8, ""learning_rate"": 0.01, ""max_depth"": 3, ""min_child_weight"": 1, ""n_estimators"": 500}",9.05,385.96433820286614,19.645975114584314,13.72289082824543,0.9057942663278858,177.0,99,29.317698160807293,0.0,0.0,0.0
6,fold1,42,168,9,2736,744,"{""colsample_bytree"": 1.0, ""learning_rate"": 0.01, ""max_depth"": 3, ""min_child_weight"": 1, ""n_estimators"": 500}",7.18,127.33163194751891,11.284131865035915,6.530482972821882,0.9572945880846085,177.0,11,14.64208984375,0.0,0.0,0.0
6,fold2,42,168,9,3480,720,"{""colsample_bytree"": 1.0, ""learning_rate"": 0.01, ""max_depth"": 3, ""min_child_weight"": 1, ""n_estimators"": 500}",7.58,179.01773603237146,13.37975097049162,7.846143619219462,0.9434054462515912,177.0,66,20.55720300385446,0.0,0.0,0.0
6,fold3,42,168,9,4200,744,"{""colsample_bytree"": 1.0, ""learning_rate"": 0.01, ""max_depth"": 3, ""min_child_weight"": 1, ""n_estimators"": 500}",8.69,360.552820449469,18.988228470541138,13.42688290790845,0.911996680480518,177.0,99,29.367580606479837,0.020202020202020204,1.0,0.039603960396039604
7,fold1,42,168,9,2736,744,"{""colsample_bytree"": 0.8, ""learning_rate"": 0.01, ""max_depth"": 3, ""min_child_weight"": 5, ""n_estimators"": 500}",7.34,125.04296394420493,11.18226112842143,6.642547607421875,0.9580621782609394,177.0,11,14.85521073774858,0.0,0.0,0.0
7,fold2,42,168,9,3480,720,"{""colsample_bytree"": 0.8, ""learning_rate"": 0.01, ""max_depth"": 3, ""min_child_weight"": 5, ""n_estimators"": 500}",8.0,190.0154035336861,13.784607485658999,8.164567136764527,0.9399286506094111,177.0,66,21.081016078139797,0.0,0.0,0.0
7,fold3,42,168,9,4200,744,"{""colsample_bytree"": 0.8, ""learning_rate"": 0.01, ""max_depth"": 3, ""min_child_weight"": 5, ""n_estimators"": 500}",9.0,336.0588513470298,18.331908011634518,12.609703510038313,0.9179751404091774,177.0,99,29.137822160817155,0.0,0.0,0.0
8,fold1,42,168,9,2736,744,"{""colsample_bytree"": 1.0, ""learning_rate"": 0.01, ""max_depth"": 3, ""min_child_weight"": 5, ""n_estimators"": 500}",7.29,120.47704875736885,10.976203749811173,6.491627288121049,0.959593528215717,177.0,11,13.184201327237217,0.0,0.0,0.0
8,fold2,42,168,9,3480,720,"{""colsample_bytree"": 1.0, ""learning_rate"": 0.01, ""max_depth"": 3, ""min_child_weight"": 5, ""n_estimators"": 500}",7.85,178.50048896749604,13.360407515023486,7.861112006505331,0.9435689684112558,177.0,66,20.669849395751953,0.0,0.0,0.0
8,fold3,42,168,9,4200,744,"{""colsample_bytree"": 1.0, ""learning_rate"": 0.01, ""max_depth"": 3, ""min_child_weight"": 5, ""n_estimators"": 500}",8.79,332.9696147946426,18.247455022403607,12.634355583498555,0.9187291577291696,177.0,99,28.743659510756984,0.010101010101010102,1.0,0.02
9,fold1,42,168,9,2736,744,"{""colsample_bytree"": 0.8, ""learning_rate"": 0.01, ""max_depth"": 3, ""min_child_weight"": 1, ""n_estimators"": 1000}",13.32,112.80023867557314,10.620745674178115,6.33509059362514,0.9621682328018832,177.0,11,12.12895341352983,0.18181818181818182,0.6666666666666666,0.2857142857142857
9,fold2,42,168,9,3480,720,"{""colsample_bytree"": 0.8, ""learning_rate"": 0.01, ""max_depth"": 3, ""min_child_weight"": 1, ""n_estimators"": 1000}",14.34,188.50674190853033,13.729775741377946,8.49345573451784,0.9404055979405829,177.0,66,19.250773458769828,0.045454545454545456,0.75,0.08571428571428572
9,fold3,42,168,9,4200,744,"{""colsample_bytree"": 0.8, ""learning_rate"": 0.01, ""max_depth"": 3, ""min_child_weight"": 1, ""n_estimators"": 1000}",16.36,365.3132971523434,19.113170777041244,13.208850132521762,0.9108347487784559,177.0,99,25.792960118765784,0.09090909090909091,0.9,0.1651376146788991
10,fold1,42,168,9,2736,744,"{""colsample_bytree"": 1.0, ""learning_rate"": 0.01, ""max_depth"": 3, ""min_child_weight"": 1, ""n_estimators"": 1000}",13.32,114.16187114031058,10.68465587374299,6.35478550259785,0.961711558569451,177.0,11,10.887840964577414,0.18181818181818182,0.5,0.26666666666666666
10,fold2,42,168,9,3480,720,"{""colsample_bytree"": 1.0, ""learning_rate"": 0.01, ""max_depth"": 3, ""min_child_weight"": 1, ""n_estimators"": 1000}",14.0,180.7874748325423,13.445723291535577,8.252224355273777,0.9428459621475759,177.0,66,18.72435760498047,0.06060606060606061,0.8,0.11267605633802817
10,fold3,42,168,9,4200,744,"{""colsample_bytree"": 1.0, ""learning_rate"": 0.01, ""max_depth"": 3, ""min_child_weight"": 1, ""n_estimators"": 1000}",15.96,335.7144752063075,18.32251279727504,12.899333212965278,0.9180591953432341,177.0,99,25.855879041883682,0.08080808080808081,0.8888888888888888,0.14814814814814814
11,fold1,42,168,9,2736,744,"{""colsample_bytree"": 0.8, ""learning_rate"": 0.01, ""max_depth"": 3, ""min_child_weight"": 5, ""n_estimators"": 1000}",13.05,114.99592646603112,10.72361536358103,6.413339064967248,0.9614318270078559,177.0,11,11.561071222478693,0.18181818181818182,0.6666666666666666,0.2857142857142857
11,fold2,42,168,9,3480,720,"{""colsample_bytree"": 0.8, ""learning_rate"": 0.01, ""max_depth"": 3, ""min_child_weight"": 5, ""n_estimators"": 1000}",14.53,189.33405440513218,13.75987116237402,8.509853826628792,0.9401440518916081,177.0,66,19.409608551950164,0.045454545454545456,1.0,0.08695652173913043
11,fold3,42,168,9,4200,744,"{""colsample_bytree"": 0.8, ""learning_rate"": 0.01, ""max_depth"": 3, ""min_child_weight"": 5, ""n_estimators"": 1000}",16.45,321.90568681256127,17.941730318243035,12.246111187883603,0.92142962860091,177.0,99,25.521445072058476,0.12121212121212122,0.9230769230769231,0.21428571428571427
12,fold1,42,168,9,2736,744,"{""colsample_bytree"": 1.0, ""learning_rate"": 0.01, ""max_depth"": 3, ""min_child_weight"": 5, ""n_estimators"": 1000}",12.76,109.74650053716765,10.475996398298715,6.301091576135287,0.9631924177831619,177.0,11,11.136441317471592,0.18181818181818182,0.6666666666666666,0.2857142857142857
12,fold2,42,168,9,3480,720,"{""colsample_bytree"": 1.0, ""learning_rate"": 0.01, ""max_depth"": 3, ""min_child_weight"": 5, ""n_estimators"": 1000}",13.74,181.93297499280823,13.488253222445381,8.338302181826698,0.9424838244520279,177.0,66,19.046541502981476,0.030303030303030304,0.6666666666666666,0.057971014492753624
12,fold3,42,168,9,4200,744,"{""colsample_bytree"": 1.0, ""learning_rate"": 0.01, ""max_depth"": 3, ""min_child_weight"": 5, ""n_estimators"": 1000}",16.1,313.8045064883248,17.714528119267666,12.212367578219341,0.9234069554171862,177.0,99,25.310047111125908,0.12121212121212122,0.9230769230769231,0.21428571428571427
13,fold1,42,168,9,2736,744,"{""colsample_bytree"": 0.8, ""learning_rate"": 0.05, ""max_depth"": 3, ""min_child_weight"": 1, ""n_estimators"": 200}",2.88,112.21245696807709,10.593038136817835,6.335789921463177,0.9623653673202353,177.0,11,11.812579068270596,0.18181818181818182,0.6666666666666666,0.2857142857142857
13,fold2,42,168,9,3480,720,"{""colsample_bytree"": 0.8, ""learning_rate"": 0.05, ""max_depth"": 3, ""min_child_weight"": 1, ""n_estimators"": 200}",3.08,187.43827387737505,13.690809832781078,8.626944420072768,0.9407433827475963,177.0,66,20.79142934625799,0.030303030303030304,1.0,0.058823529411764705
13,fold3,42,168,9,4200,744,"{""colsample_bytree"": 0.8, ""learning_rate"": 0.05, ""max_depth"": 3, ""min_child_weight"": 1, ""n_estimators"": 200}",3.64,330.12730758036383,18.169405812529035,12.777199314486596,0.9194229048190936,177.0,99,24.931493277501577,0.13131313131313133,0.9285714285714286,0.23008849557522124
14,fold1,42,168,9,2736,744,"{""colsample_bytree"": 1.0, ""learning_rate"": 0.05, ""max_depth"": 3, ""min_child_weight"": 1, ""n_estimators"": 200}",2.77,122.3829964119267,11.062684864531155,6.334290088504873,0.9589542975828242,177.0,11,12.024194890802557,0.18181818181818182,1.0,0.3076923076923077
14,fold2,42,168,9,3480,720,"{""colsample_bytree"": 1.0, ""learning_rate"": 0.05, ""max_depth"": 3, ""min_child_weight"": 1, ""n_estimators"": 200}",2.97,178.09038331268266,13.34505089209789,8.192753352390396,0.9436986189533656,177.0,66,18.452553488991477,0.045454545454545456,1.0,0.08695652173913043
14,fold3,42,168,9,4200,744,"{""colsample_bytree"": 1.0, ""learning_rate"": 0.05, ""max_depth"": 3, ""min_child_weight"": 1, ""n_estimators"": 200}",3.57,336.2284676956296,18.336533688121907,13.062923310905374,0.9179337406450514,177.0,99,25.688441652240176,0.09090909090909091,0.9,0.1651376146788991
15,fold1,42,168,9,2736,744,"{""colsample_bytree"": 0.8, ""learning_rate"": 0.05, ""max_depth"": 3, ""min_child_weight"": 5, ""n_estimators"": 200}",2.82,115.39884249035093,10.742385325911137,6.526137837799647,0.9612966940913708,177.0,11,11.525410045276988,0.18181818181818182,0.6666666666666666,0.2857142857142857
15,fold2,42,168,9,3480,720,"{""colsample_bytree"": 0.8, ""learning_rate"": 0.05, ""max_depth"": 3, ""min_child_weight"": 5, ""n_estimators"": 200}",3.06,185.60020241360107,13.623516521574048,8.427483928203582,0.9413244694966274,177.0,66,19.115670290860262,0.030303030303030304,1.0,0.058823529411764705
15,fold3,42,168,9,4200,744,"{""colsample_bytree"": 0.8, ""learning_rate"": 0.05, ""max_depth"": 3, ""min_child_weight"": 5, ""n_estimators"": 200}",3.51,304.57685364357644,17.45213034685383,11.941415418860732,0.9256592303562615,177.0,99,25.060604519314236,0.13131313131313133,0.9285714285714286,0.23008849557522124
16,fold1,42,168,9,2736,744,"{""colsample_bytree"": 1.0, ""learning_rate"": 0.05, ""max_depth"": 3, ""min_child_weight"": 5, ""n_estimators"": 200}",2.74,113.23184107680021,10.641045112055497,6.321871398597636,0.9620234788389742,177.0,11,12.052064375443893,0.18181818181818182,0.6666666666666666,0.2857142857142857
16,fold2,42,168,9,3480,720,"{""colsample_bytree"": 1.0, ""learning_rate"": 0.05, ""max_depth"": 3, ""min_child_weight"": 5, ""n_estimators"": 200}",2.96,180.52678727699174,13.436025724781556,8.253139147493574,0.9429283757463686,177.0,66,18.78657936327385,0.06060606060606061,0.8,0.11267605633802817
16,fold3,42,168,9,4200,744,"{""colsample_bytree"": 1.0, ""learning_rate"": 0.05, ""max_depth"": 3, ""min_child_weight"": 5, ""n_estimators"": 200}",3.41,316.69810948847226,17.7960138651461,12.229523417770222,0.92270068811059,177.0,99,25.62978717534229,0.13131313131313133,0.9285714285714286,0.23008849557522124
17,fold1,42,168,9,2736,744,"{""colsample_bytree"": 0.8, ""learning_rate"": 0.05, ""max_depth"": 3, ""min_child_weight"": 1, ""n_estimators"": 500}",6.38,108.14073317251626,10.39907366896284,6.460862050774277,0.963730971759883,177.0,11,11.8282207142223,0.18181818181818182,0.5,0.26666666666666666
17,fold2,42,168,9,3480,720,"{""colsample_bytree"": 0.8, ""learning_rate"": 0.05, ""max_depth"": 3, ""min_child_weight"": 1, ""n_estimators"": 500}",6.9,205.82597455849407,14.346636349977443,9.374403698411253,0.9349303066939528,177.0,66,18.529935778993547,0.22727272727272727,0.75,0.3488372093023256
17,fold3,42,168,9,4200,744,"{""colsample_bytree"": 0.8, ""learning_rate"": 0.05, ""max_depth"": 3, ""min_child_weight"": 1, ""n_estimators"": 500}",7.95,338.39777532144643,18.395591192496273,13.112600277828914,0.9174042585239773,177.0,99,22.243431245437776,0.2222222222222222,0.88,0.3548387096774194
18,fold1,42,168,9,2736,744,"{""colsample_bytree"": 1.0, ""learning_rate"": 0.05, ""max_depth"": 3, ""min_child_weight"": 1, ""n_estimators"": 500}",6.41,117.80375256369312,10.853743711903885,6.588114980087485,0.9604901178013262,177.0,11,10.438967618075283,0.2727272727272727,0.5,0.35294117647058826
18,fold2,42,168,9,3480,720,"{""colsample_bytree"": 1.0, ""learning_rate"": 0.05, ""max_depth"": 3, ""min_child_weight"": 1, ""n_estimators"": 500}",6.92,219.61618836864008,14.819453038781157,9.43833185036977,0.9305706772294218,177.0,66,16.410568237304688,0.25757575757575757,0.6296296296296297,0.3655913978494624
18,fold3,42,168,9,4200,744,"{""colsample_bytree"": 1.0, ""learning_rate"": 0.05, ""max_depth"": 3, ""min_child_weight"": 1, ""n_estimators"": 500}",7.71,359.4385162226747,18.958863790392996,13.455295692207994,0.9122686585801213,177.0,99,25.643280877007378,0.20202020202020202,0.9523809523809523,0.3333333333333333
19,fold1,42,168,9,2736,744,"{""colsample_bytree"": 0.8, ""learning_rate"": 0.05, ""max_depth"": 3, ""min_child_weight"": 5, ""n_estimators"": 500}",6.42,113.61235592928067,10.658909697022517,6.676738885141188,0.9618958589909713,177.0,11,11.172015103426846,0.18181818181818182,0.6666666666666666,0.2857142857142857
19,fold2,42,168,9,3480,720,"{""colsample_bytree"": 0.8, ""learning_rate"": 0.05, ""max_depth"": 3, ""min_child_weight"": 5, ""n_estimators"": 500}",6.79,195.65319080549833,13.987608473413113,8.902081452475654,0.9381463241101029,177.0,66,16.643520124030836,0.21212121212121213,0.6086956521739131,0.3146067415730337
19,fold3,42,168,9,4200,744,"{""colsample_bytree"": 0.8, ""learning_rate"": 0.05, ""max_depth"": 3, ""min_child_weight"": 5, ""n_estimators"": 500}",7.8,319.2653419782428,17.86799770478614,12.546325728457461,0.9220740809444155,177.0,99,22.560453858038393,0.2222222222222222,0.9565217391304348,0.36065573770491804
20,fold1,42,168,9,2736,744,"{""colsample_bytree"": 1.0, ""learning_rate"": 0.05, ""max_depth"": 3, ""min_child_weight"": 5, ""n_estimators"": 500}",6.08,112.57743552161755,10.61025143536276,6.545176062532651,0.9622429581495459,177.0,11,10.854802911931818,0.2727272727272727,0.6,0.375
20,fold2,42,168,9,3480,720,"{""colsample_bytree"": 1.0, ""learning_rate"": 0.05, ""max_depth"": 3, ""min_child_weight"": 5, ""n_estimators"": 500}",6.6,198.29498942787097,14.081725371128034,9.173616125186284,0.9373111475659234,177.0,66,17.904860294226445,0.24242424242424243,0.6666666666666666,0.35555555555555557
20,fold3,42,168,9,4200,744,"{""colsample_bytree"": 1.0, ""learning_rate"": 0.05, ""max_depth"": 3, ""min_child_weight"": 5, ""n_estimators"": 500}",7.8,325.89068393462907,18.052442603000543,12.640039227342093,0.9204569750668721,177.0,99,24.18141975788155,0.15151515151515152,0.9375,0.2608695652173913
21,fold1,42,168,9,2736,744,"{""colsample_bytree"": 0.8, ""learning_rate"": 0.05, ""max_depth"": 3, ""min_child_weight"": 1, ""n_estimators"": 1000}",12.46,112.39602126280505,10.601698980012829,6.832274191482092,0.962303802187523,177.0,11,12.114178744229404,0.2727272727272727,0.75,0.4
21,fold2,42,168,9,3480,720,"{""colsample_bytree"": 0.8, ""learning_rate"": 0.05, ""max_depth"": 3, ""min_child_weight"": 1, ""n_estimators"": 1000}",13.27,214.93639848274535,14.660709344460292,9.603278885926638,0.9320501430415726,177.0,66,16.488881775827117,0.30303030303030304,0.6896551724137931,0.42105263157894735
21,fold3,42,168,9,4200,744,"{""colsample_bytree"": 0.8, ""learning_rate"": 0.05, ""max_depth"": 3, ""min_child_weight"": 1, ""n_estimators"": 1000}",15.17,366.62703239606117,19.147507211019956,13.558267615174735,0.9105140937846251,177.0,99,23.439334599658697,0.24242424242424243,0.8,0.37209302325581395
22,fold1,42,168,9,2736,744,"{""colsample_bytree"": 1.0, ""learning_rate"": 0.05, ""max_depth"": 3, ""min_child_weight"": 1, ""n_estimators"": 1000}",11.82,129.63178495667913,11.3855955029449,7.378468795809694,0.956523145983206,177.0,11,11.707380814985795,0.36363636363636365,0.5714285714285714,0.4444444444444444
22,fold2,42,168,9,3480,720,"{""colsample_bytree"": 1.0, ""learning_rate"": 0.05, ""max_depth"": 3, ""min_child_weight"": 1, ""n_estimators"": 1000}",12.89,235.65387851624513,15.351022067479583,9.90637533913056,0.9255005320182521,177.0,66,15.979467565363104,0.2727272727272727,0.5294117647058824,0.36
22,fold3,42,168,9,4200,744,"{""colsample_bytree"": 1.0, ""learning_rate"": 0.05, ""max_depth"": 3, ""min_child_weight"": 1, ""n_estimators"": 1000}",15.13,412.1558678980043,20.301622297195962,14.696690192065573,0.8994014677537633,177.0,99,27.509895787094578,0.2222222222222222,0.9166666666666666,0.35772357723577236
23,fold1,42,168,9,2736,744,"{""colsample_bytree"": 0.8, ""learning_rate"": 0.05, ""max_depth"": 3, ""min_child_weight"": 5, ""n_estimators"": 1000}",12.49,118.43431064111643,10.882752898100573,7.176807254873296,0.9602786366318706,177.0,11,11.854908336292613,0.18181818181818182,0.6666666666666666,0.2857142857142857
23,fold2,42,168,9,3480,720,"{""colsample_bytree"": 0.8, ""learning_rate"": 0.05, ""max_depth"": 3, ""min_child_weight"": 5, ""n_estimators"": 1000}",13.24,199.73995512184314,14.132938658391012,9.003552192780706,0.9368543370261156,177.0,66,16.0601543079723,0.22727272727272727,0.5357142857142857,0.3191489361702128
23,fold3,42,168,9,4200,744,"{""colsample_bytree"": 0.8, ""learning_rate"": 0.05, ""max_depth"": 3, ""min_child_weight"": 5, ""n_estimators"": 1000}",15.48,342.35461434156764,18.502827198608532,13.125279034658146,0.9164384777872165,177.0,99,22.246893063940185,0.24242424242424243,0.8275862068965517,0.375
24,fold1,42,168,9,2736,744,"{""colsample_bytree"": 1.0, ""learning_rate"": 0.05, ""max_depth"": 3, ""min_child_weight"": 5, ""n_estimators"": 1000}",12.15,117.15989349482717,10.824042382346217,6.963981533563265,0.9607060599543547,177.0,11,11.256738836115057,0.2727272727272727,0.6,0.375
24,fold2,42,168,9,3480,720,"{""colsample_bytree"": 1.0, ""learning_rate"": 0.05, ""max_depth"": 3, ""min_child_weight"": 5, ""n_estimators"": 1000}",13.02,200.3200703830501,14.15344729679134,9.152973979049259,0.9366709397546592,177.0,66,16.819670937278055,0.2727272727272727,0.6428571428571429,0.3829787234042553
24,fold3,42,168,9,4200,744,"{""colsample_bytree"": 1.0, ""learning_rate"": 0.05, ""max_depth"": 3, ""min_child_weight"": 5, ""n_estimators"": 1000}",15.42,337.2925999802632,18.365527489845295,13.103916256017582,0.917674008455635,177.0,99,23.99093150129222,0.20202020202020202,0.9090909090909091,0.3305785123966942
25,fold1,42,168,9,2736,744,"{""colsample_bytree"": 0.8, ""learning_rate"": 0.1, ""max_depth"": 3, ""min_child_weight"": 1, ""n_estimators"": 200}",2.95,122.66669691318455,11.075499849360504,6.747676821806097,0.9588591480384298,177.0,11,10.939924760298295,0.2727272727272727,0.6,0.375
25,fold2,42,168,9,3480,720,"{""colsample_bytree"": 0.8, ""learning_rate"": 0.1, ""max_depth"": 3, ""min_child_weight"": 1, ""n_estimators"": 200}",2.89,216.94343962978917,14.728999953485951,9.7518813126617,0.9314156383238328,177.0,66,21.20430593779593,0.07575757575757576,0.5,0.13157894736842105
25,fold3,42,168,9,4200,744,"{""colsample_bytree"": 0.8, ""learning_rate"": 0.1, ""max_depth"": 3, ""min_child_weight"": 1, ""n_estimators"": 200}",3.39,384.12432448265395,19.599089889141638,13.402234151799192,0.9062433747695788,177.0,99,23.608706310541944,0.2222222222222222,0.9166666666666666,0.35772357723577236
26,fold1,42,168,9,2736,744,"{""colsample_bytree"": 1.0, ""learning_rate"": 0.1, ""max_depth"": 3, ""min_child_weight"": 1, ""n_estimators"": 200}",2.76,114.13985003752515,10.683625322779022,6.501657333425296,0.9617189441676004,177.0,11,9.839537187056107,0.36363636363636365,0.6666666666666666,0.47058823529411764
26,fold2,42,168,9,3480,720,"{""colsample_bytree"": 1.0, ""learning_rate"": 0.1, ""max_depth"": 3, ""min_child_weight"": 1, ""n_estimators"": 200}",2.98,234.83058331695014,15.324182957565801,9.66327101720704,0.9257608080413993,177.0,66,16.832100839325875,0.18181818181818182,0.48,0.26373626373626374
26,fold3,42,168,9,4200,744,"{""colsample_bytree"": 1.0, ""learning_rate"": 0.1, ""max_depth"": 3, ""min_child_weight"": 1, ""n_estimators"": 200}",3.29,310.3580709208975,17.61698245786995,12.504431939894154,0.9242481574637145,177.0,99,24.41856846664891,0.18181818181818182,0.9473684210526315,0.3050847457627119
27,fold1,42,168,9,2736,744,"{""colsample_bytree"": 0.8, ""learning_rate"": 0.1, ""max_depth"": 3, ""min_child_weight"": 5, ""n_estimators"": 200}",2.76,120.0163153037285,10.955195813116646,6.742178620830659,0.959748052363566,177.0,11,9.81755898215554,0.2727272727272727,0.75,0.4
27,fold2,42,168,9,3480,720,"{""colsample_bytree"": 0.8, ""learning_rate"": 0.1, ""max_depth"": 3, ""min_child_weight"": 5, ""n_estimators"": 200}",2.92,201.62236493247318,14.19937903334062,9.223513890637292,0.9362592331801762,177.0,66,18.101066704952355,0.13636363636363635,0.75,0.23076923076923078
27,fold3,42,168,9,4200,744,"{""colsample_bytree"": 0.8, ""learning_rate"": 0.1, ""max_depth"": 3, ""min_child_weight"": 5, ""n_estimators"": 200}",3.67,288.393560456462,16.982154175971374,11.846318207761293,0.9296092300246809,177.0,99,23.564742733733823,0.1919191919191919,0.95,0.31932773109243695
28,fold1,42,168,9,2736,744,"{""colsample_bytree"": 1.0, ""learning_rate"": 0.1, ""max_depth"": 3, ""min_child_weight"": 5, ""n_estimators"": 200}",2.75,108.77715613223096,10.429628762915339,6.492803688972227,0.9635175235834061,177.0,11,10.152986006303268,0.2727272727272727,0.75,0.4
28,fold2,42,168,9,3480,720,"{""colsample_bytree"": 1.0, ""learning_rate"": 0.1, ""max_depth"": 3, ""min_child_weight"": 5, ""n_estimators"": 200}",2.84,191.6622467389289,13.84421347491178,9.159953752491209,0.9394080186409817,177.0,66,16.513934395530008,0.2727272727272727,0.6428571428571429,0.3829787234042553
28,fold3,42,168,9,4200,744,"{""colsample_bytree"": 1.0, ""learning_rate"": 0.1, ""max_depth"": 3, ""min_child_weight"": 5, ""n_estimators"": 200}",3.39,324.7329995678333,18.020349596160262,12.56770718994961,0.9207395413413693,177.0,99,23.750722788801095,0.25252525252525254,0.9615384615384616,0.4
29,fold1,42,168,9,2736,744,"{""colsample_bytree"": 0.8, ""learning_rate"": 0.1, ""max_depth"": 3, ""min_child_weight"": 1, ""n_estimators"": 500}",6.29,124.67105734898682,11.165619434182181,7.073157863591307,0.9581869110088036,177.0,11,12.136141690340908,0.2727272727272727,0.75,0.4
29,fold2,42,168,9,3480,720,"{""colsample_bytree"": 0.8, ""learning_rate"": 0.1, ""max_depth"": 3, ""min_child_weight"": 1, ""n_estimators"": 500}",6.89,212.97835650678002,14.593778006629401,9.73816267636915,0.9326691571923849,177.0,66,19.26566118182558,0.24242424242424243,0.6956521739130435,0.3595505617977528
29,fold3,42,168,9,4200,744,"{""colsample_bytree"": 0.8, ""learning_rate"": 0.1, ""max_depth"": 3, ""min_child_weight"": 1, ""n_estimators"": 500}",7.81,416.7101990017478,20.41348081542557,14.152667941585664,0.8982898518334644,177.0,99,25.725590176052517,0.2222222222222222,0.8461538461538461,0.352
30,fold1,42,168,9,2736,744,"{""colsample_bytree"": 1.0, ""learning_rate"": 0.1, ""max_depth"": 3, ""min_child_weight"": 1, ""n_estimators"": 500}",6.1,127.17195784198101,11.27705448430489,7.347872295687275,0.9573481407513333,177.0,11,10.36962197043679,0.36363636363636365,0.6666666666666666,0.47058823529411764
30,fold2,42,168,9,3480,720,"{""colsample_bytree"": 1.0, ""learning_rate"": 0.1, ""max_depth"": 3, ""min_child_weight"": 1, ""n_estimators"": 500}",6.57,256.2389065177054,16.0074640876594,10.140634566545486,0.9189927942964966,177.0,66,15.986956394079959,0.2727272727272727,0.5,0.35294117647058826
30,fold3,42,168,9,4200,744,"{""colsample_bytree"": 1.0, ""learning_rate"": 0.1, ""max_depth"": 3, ""min_child_weight"": 1, ""n_estimators"": 500}",7.61,340.5013261223267,18.45267802033967,13.368525893457475,0.9168908262534308,177.0,99,24.10127173529731,0.21212121212121213,0.875,0.34146341463414637
31,fold1,42,168,9,2736,744,"{""colsample_bytree"": 0.8, ""learning_rate"": 0.1, ""max_depth"": 3, ""min_child_weight"": 5, ""n_estimators"": 500}",6.48,131.03019044654104,11.44684194206162,7.671946203836831,0.9560541385452591,177.0,11,11.146799260919744,0.18181818181818182,0.5,0.26666666666666666
31,fold2,42,168,9,3480,720,"{""colsample_bytree"": 0.8, ""learning_rate"": 0.1, ""max_depth"": 3, ""min_child_weight"": 5, ""n_estimators"": 500}",7.11,210.2166295563334,14.49884924938298,9.49825098713239,0.9335422478022852,177.0,66,17.468195366136957,0.24242424242424243,0.6153846153846154,0.34782608695652173
31,fold3,42,168,9,4200,744,"{""colsample_bytree"": 0.8, ""learning_rate"": 0.1, ""max_depth"": 3, ""min_child_weight"": 5, ""n_estimators"": 500}",7.96,320.17293953028025,17.893376973905184,12.863183376609639,0.9218525555732716,177.0,99,22.45466413401594,0.2828282828282828,0.8484848484848485,0.42424242424242425
32,fold1,42,168,9,2736,744,"{""colsample_bytree"": 1.0, ""learning_rate"": 0.1, ""max_depth"": 3, ""min_child_weight"": 5, ""n_estimators"": 500}",6.04,120.20064993692812,10.963605699628573,7.2246786798200295,0.9596862288691156,177.0,11,11.952457774769176,0.2727272727272727,0.5,0.35294117647058826
32,fold2,42,168,9,3480,720,"{""colsample_bytree"": 1.0, ""learning_rate"": 0.1, ""max_depth"": 3, ""min_child_weight"": 5, ""n_estimators"": 500}",6.55,196.13708216271465,14.00489493579708,9.170194003648229,0.9379933470027428,177.0,66,14.942972125429096,0.3181818181818182,0.6,0.4158415841584158
32,fold3,42,168,9,4200,744,"{""colsample_bytree"": 1.0, ""learning_rate"": 0.1, ""max_depth"": 3, ""min_child_weight"": 5, ""n_estimators"": 500}",7.54,341.21030283171314,18.471878703361853,13.187228749836645,0.9167177800301056,177.0,99,23.678835088556465,0.25252525252525254,0.9615384615384616,0.4
33,fold1,42,168,9,2736,744,"{""colsample_bytree"": 0.8, ""learning_rate"": 0.1, ""max_depth"": 3, ""min_child_weight"": 1, ""n_estimators"": 1000}",12.23,128.34716037092343,11.329040575923605,7.305198699556371,0.9569539927512263,177.0,11,12.937494451349432,0.18181818181818182,0.6666666666666666,0.2857142857142857
33,fold2,42,168,9,3480,720,"{""colsample_bytree"": 0.8, ""learning_rate"": 0.1, ""max_depth"": 3, ""min_child_weight"": 1, ""n_estimators"": 1000}",13.41,217.64446343332773,14.752778159835785,9.98202116638422,0.9311940171023405,177.0,66,19.40818081480084,0.19696969696969696,0.5652173913043478,0.29213483146067415
33,fold3,42,168,9,4200,744,"{""colsample_bytree"": 0.8, ""learning_rate"": 0.1, ""max_depth"": 3, ""min_child_weight"": 1, ""n_estimators"": 1000}",15.5,424.3083579714231,20.598746514567896,14.390161342037622,0.8964353018933625,177.0,99,26.189884532581676,0.20202020202020202,0.8695652173913043,0.32786885245901637
34,fold1,42,168,9,2736,744,"{""colsample_bytree"": 1.0, ""learning_rate"": 0.1, ""max_depth"": 3, ""min_child_weight"": 1, ""n_estimators"": 1000}",11.99,132.2710093870445,11.500913415335518,7.5588624573523,0.9556379836342118,177.0,11,10.281992132013494,0.45454545454545453,0.7142857142857143,0.5555555555555556
34,fold2,42,168,9,3480,720,"{""colsample_bytree"": 1.0, ""learning_rate"": 0.1, ""max_depth"": 3, ""min_child_weight"": 1, ""n_estimators"": 1000}",12.76,256.6235083307773,16.019472785668615,10.359192271033923,0.9188712065227707,177.0,66,15.955703272964016,0.3181818181818182,0.5526315789473685,0.40384615384615385
34,fold3,42,168,9,4200,744,"{""colsample_bytree"": 1.0, ""learning_rate"": 0.1, ""max_depth"": 3, ""min_child_weight"": 1, ""n_estimators"": 1000}",14.83,361.8479007917748,19.02230009204394,13.972230423842706,0.9116805787536606,177.0,99,24.56089859779435,0.21212121212121213,0.8076923076923077,0.336
35,fold1,42,168,9,2736,744,"{""colsample_bytree"": 0.8, ""learning_rate"": 0.1, ""max_depth"": 3, ""min_child_weight"": 5, ""n_estimators"": 1000}",12.8,139.873767866711,11.826824082005745,8.06645566160961,0.9530881150147535,177.0,11,11.547636552290482,0.2727272727272727,0.6,0.375
35,fold2,42,168,9,3480,720,"{""colsample_bytree"": 0.8, ""learning_rate"": 0.1, ""max_depth"": 3, ""min_child_weight"": 5, ""n_estimators"": 1000}",13.39,219.80581165137062,14.825849441140653,9.710206102662616,0.9305107298448537,177.0,66,18.21524764552261,0.24242424242424243,0.5925925925925926,0.34408602150537637
35,fold3,42,168,9,4200,744,"{""colsample_bytree"": 0.8, ""learning_rate"": 0.1, ""max_depth"": 3, ""min_child_weight"": 5, ""n_estimators"": 1000}",15.49,323.2779480303349,17.979931813839976,13.056021368952207,0.9210946886543542,177.0,99,22.12690272475734,0.24242424242424243,0.8571428571428571,0.3779527559055118
36,fold1,42,168,9,2736,744,"{""colsample_bytree"": 1.0, ""learning_rate"": 0.1, ""max_depth"": 3, ""min_child_weight"": 5, ""n_estimators"": 1000}",12.03,125.30890906382207,11.1941461962859,7.434191844796621,0.9579729836460081,177.0,11,11.330316716974432,0.2727272727272727,0.5,0.35294117647058826
36,fold2,42,168,9,3480,720,"{""colsample_bytree"": 1.0, ""learning_rate"": 0.1, ""max_depth"": 3, ""min_child_weight"": 5, ""n_estimators"": 1000}",13.08,199.7889422461479,14.134671635596913,9.230117597182591,0.9368388502676475,177.0,66,15.563326864531547,0.2727272727272727,0.5454545454545454,0.36363636363636365
36,fold3,42,168,9,4200,744,"{""colsample_bytree"": 1.0, ""learning_rate"": 0.1, ""max_depth"": 3, ""min_child_weight"": 5, ""n_estimators"": 1000}",15.38,359.52508840382336,18.961146811409467,13.62616028933115,0.9122475281412867,177.0,99,24.16327967788234,0.26262626262626265,0.896551724137931,0.40625
37,fold1,42,168,9,2736,744,"{""colsample_bytree"": 0.8, ""learning_rate"": 0.01, ""max_depth"": 5, ""min_child_weight"": 1, ""n_estimators"": 200}",6.51,223.47078990930302,14.948939424230169,10.558799856452532,0.9250507357192429,177.0,11,31.46548184481534,0.0,0.0,0.0
37,fold2,42,168,9,3480,720,"{""colsample_bytree"": 0.8, ""learning_rate"": 0.01, ""max_depth"": 5, ""min_child_weight"": 1, ""n_estimators"": 200}",7.11,289.8963490076687,17.02634279602254,12.405088737275864,0.9083523517333767,177.0,66,33.05368677775065,0.0,0.0,0.0
37,fold3,42,168,9,4200,744,"{""colsample_bytree"": 0.8, ""learning_rate"": 0.01, ""max_depth"": 5, ""min_child_weight"": 1, ""n_estimators"": 200}",7.83,1094.426141033571,33.08211210055324,23.68578483725107,0.7328737208052176,177.0,99,43.90156878847064,0.0,0.0,0.0
38,fold1,42,168,9,2736,744,"{""colsample_bytree"": 1.0, ""learning_rate"": 0.01, ""max_depth"": 5, ""min_child_weight"": 1, ""n_estimators"": 200}",6.95,248.31042728275276,15.757868741766849,10.796376092459566,0.9167198368715839,177.0,11,32.5297816883434,0.0,0.0,0.0
38,fold2,42,168,9,3480,720,"{""colsample_bytree"": 1.0, ""learning_rate"": 0.01, ""max_depth"": 5, ""min_child_weight"": 1, ""n_estimators"": 200}",7.64,317.46864040055,17.817649687895145,12.954730982250638,0.8996356649860979,177.0,66,34.284391923384234,0.0,0.0,0.0
38,fold3,42,168,9,4200,744,"{""colsample_bytree"": 1.0, ""learning_rate"": 0.01, ""max_depth"": 5, ""min_child_weight"": 1, ""n_estimators"": 200}",8.38,1397.4604138756135,37.38262181650203,26.323580721373197,0.6589094625169937,177.0,99,46.50002319644196,0.0,0.0,0.0
39,fold1,42,168,9,2736,744,"{""colsample_bytree"": 0.8, ""learning_rate"": 0.01, ""max_depth"": 5, ""min_child_weight"": 5, ""n_estimators"": 200}",6.23,194.5443700639842,13.94791633413336,10.389222583463114,0.9347522894952994,177.0,11,25.806374289772727,0.0,0.0,0.0
39,fold2,42,168,9,3480,720,"{""colsample_bytree"": 0.8, ""learning_rate"": 0.01, ""max_depth"": 5, ""min_child_weight"": 5, ""n_estimators"": 200}",6.61,297.7497469403754,17.25542659398415,12.521843904919095,0.9058695834822474,177.0,66,33.98181834365382,0.0,0.0,0.0
39,fold3,42,168,9,4200,744,"{""colsample_bytree"": 0.8, ""learning_rate"": 0.01, ""max_depth"": 5, ""min_child_weight"": 5, ""n_estimators"": 200}",7.19,678.0909608087934,26.04017973841182,19.647230091915336,0.8344923348181321,177.0,99,44.1138520674272,0.0,0.0,0.0
40,fold1,42,168,9,2736,744,"{""colsample_bytree"": 1.0, ""learning_rate"": 0.01, ""max_depth"": 5, ""min_child_weight"": 5, ""n_estimators"": 200}",6.47,189.1586612972066,13.753496329923042,10.309021716476769,0.9365585878032986,177.0,11,25.285289417613637,0.0,0.0,0.0
40,fold2,42,168,9,3480,720,"{""colsample_bytree"": 1.0, ""learning_rate"": 0.01, ""max_depth"": 5, ""min_child_weight"": 5, ""n_estimators"": 200}",7.05,287.9374068555821,16.968718480061543,12.3698285235299,0.9089716504652982,177.0,66,32.673028194543086,0.0,0.0,0.0
40,fold3,42,168,9,4200,744,"{""colsample_bytree"": 1.0, ""learning_rate"": 0.01, ""max_depth"": 5, ""min_child_weight"": 5, ""n_estimators"": 200}",7.68,819.9141628783187,28.63414330617067,21.02065642674764,0.7998762900692887,177.0,99,45.68857967492306,0.0,0.0,0.0
41,fold1,42,168,9,2736,744,"{""colsample_bytree"": 0.8, ""learning_rate"": 0.01, ""max_depth"": 5, ""min_child_weight"": 1, ""n_estimators"": 500}",15.52,139.57062504706786,11.814001229349346,6.407743989780385,0.9531897852657669,177.0,11,21.088270013982598,0.0,0.0,0.0
41,fold2,42,168,9,3480,720,"{""colsample_bytree"": 0.8, ""learning_rate"": 0.01, ""max_depth"": 5, ""min_child_weight"": 1, ""n_estimators"": 500}",17.12,176.44452235428676,13.283242162751034,7.768432792027792,0.9442189403948986,177.0,66,21.885099353212297,0.0,0.0,0.0
41,fold3,42,168,9,4200,744,"{""colsample_bytree"": 0.8, ""learning_rate"": 0.01, ""max_depth"": 5, ""min_child_weight"": 1, ""n_estimators"": 500}",19.03,812.5273970560667,28.5048661995819,17.448415030715285,0.8016792434120497,177.0,99,31.461039687647965,0.04040404040404041,0.8,0.07692307692307693
42,fold1,42,168,9,2736,744,"{""colsample_bytree"": 1.0, ""learning_rate"": 0.01, ""max_depth"": 5, ""min_child_weight"": 1, ""n_estimators"": 500}",16.94,158.19951210902477,12.577738751819611,6.432556026725359,0.9469418931800512,177.0,11,20.946911898526277,0.0,0.0,0.0
42,fold2,42,168,9,3480,720,"{""colsample_bytree"": 1.0, ""learning_rate"": 0.01, ""max_depth"": 5, ""min_child_weight"": 1, ""n_estimators"": 500}",18.1,197.15372478947108,14.041143998601791,8.585967032114665,0.9376719462462698,177.0,66,23.28957343823982,0.0,0.0,0.0
42,fold3,42,168,9,4200,744,"{""colsample_bytree"": 1.0, ""learning_rate"": 0.01, ""max_depth"": 5, ""min_child_weight"": 1, ""n_estimators"": 500}",20.4,1102.0051643151576,33.196463129604,20.469606368772446,0.7310238414819508,177.0,99,33.31163263802576,0.04040404040404041,1.0,0.07766990291262135
43,fold1,42,168,9,2736,744,"{""colsample_bytree"": 0.8, ""learning_rate"": 0.01, ""max_depth"": 5, ""min_child_weight"": 5, ""n_estimators"": 500}",14.51,105.60769441711146,10.276560437087472,6.107383687009094,0.964580520782327,177.0,11,15.499622691761363,0.0,0.0,0.0
43,fold2,42,168,9,3480,720,"{""colsample_bytree"": 0.8, ""learning_rate"": 0.01, ""max_depth"": 5, ""min_child_weight"": 5, ""n_estimators"": 500}",15.49,182.2208736368289,13.498921202704642,7.968112063407898,0.9423928083569513,177.0,66,23.172518874659684,0.0,0.0,0.0
43,fold3,42,168,9,4200,744,"{""colsample_bytree"": 0.8, ""learning_rate"": 0.01, ""max_depth"": 5, ""min_child_weight"": 5, ""n_estimators"": 500}",17.87,411.37647157659524,20.282417794153517,13.31654470069434,0.8995917019153481,177.0,99,31.227829518944326,0.050505050505050504,0.8333333333333334,0.09523809523809523
44,fold1,42,168,9,2736,744,"{""colsample_bytree"": 1.0, ""learning_rate"": 0.01, ""max_depth"": 5, ""min_child_weight"": 5, ""n_estimators"": 500}",15.41,106.57644907174408,10.323587025435689,6.2979594456252235,0.9642556127768435,177.0,11,14.353086991743607,0.0,0.0,0.0
44,fold2,42,168,9,3480,720,"{""colsample_bytree"": 1.0, ""learning_rate"": 0.01, ""max_depth"": 5, ""min_child_weight"": 5, ""n_estimators"": 500}",16.68,181.81940215622774,13.48404250053476,8.178054764535691,0.9425197292966911,177.0,66,22.2606877413663,0.0,0.0,0.0
44,fold3,42,168,9,4200,744,"{""colsample_bytree"": 1.0, ""learning_rate"": 0.01, ""max_depth"": 5, ""min_child_weight"": 5, ""n_estimators"": 500}",19.13,518.9081799860022,22.779556185009447,14.651060946526066,0.8733454856693291,177.0,99,32.042602153739544,0.020202020202020204,0.6666666666666666,0.0392156862745098
45,fold1,42,168,9,2736,744,"{""colsample_bytree"": 0.8, ""learning_rate"": 0.01, ""max_depth"": 5, ""min_child_weight"": 1, ""n_estimators"": 1000}",27.81,136.20318797152143,11.670612150676648,6.301330022914435,0.9543191808857779,177.0,11,19.789190118963067,0.0,0.0,0.0
45,fold2,42,168,9,3480,720,"{""colsample_bytree"": 0.8, ""learning_rate"": 0.01, ""max_depth"": 5, ""min_child_weight"": 1, ""n_estimators"": 1000}",30.58,177.60099667397452,13.326702393089391,8.027564205063713,0.9438533333355379,177.0,66,20.946448586203836,0.015151515151515152,1.0,0.029850746268656716
45,fold3,42,168,9,4200,744,"{""colsample_bytree"": 0.8, ""learning_rate"": 0.01, ""max_depth"": 5, ""min_child_weight"": 1, ""n_estimators"": 1000}",34.05,806.4987203437961,28.398921112320377,17.36620600761906,0.803150715920095,177.0,99,29.778562603574812,0.09090909090909091,0.9,0.1651376146788991
46,fold1,42,168,9,2736,744,"{""colsample_bytree"": 1.0, ""learning_rate"": 0.01, ""max_depth"": 5, ""min_child_weight"": 1, ""n_estimators"": 1000}",30.45,153.21150488614927,12.377863502484962,6.289475015414658,0.94861480744206,177.0,11,19.59830058704723,0.18181818181818182,1.0,0.3076923076923077
46,fold2,42,168,9,3480,720,"{""colsample_bytree"": 1.0, ""learning_rate"": 0.01, ""max_depth"": 5, ""min_child_weight"": 1, ""n_estimators"": 1000}",32.68,198.46822892987717,14.087875245397269,8.766157375441658,0.9372563797394223,177.0,66,22.565460898659445,0.0,0.0,0.0
46,fold3,42,168,9,4200,744,"{""colsample_bytree"": 1.0, ""learning_rate"": 0.01, ""max_depth"": 5, ""min_child_weight"": 1, ""n_estimators"": 1000}",36.0,1095.1033207573644,33.092345349904775,20.42152362997814,0.732708435553723,177.0,99,31.793161642671837,0.06060606060606061,1.0,0.11428571428571428
47,fold1,42,168,9,2736,744,"{""colsample_bytree"": 0.8, ""learning_rate"": 0.01, ""max_depth"": 5, ""min_child_weight"": 5, ""n_estimators"": 1000}",26.31,103.58236570729169,10.177542223311661,6.080697046813144,0.9652597903047075,177.0,11,14.202553488991477,0.0,0.0,0.0
47,fold2,42,168,9,3480,720,"{""colsample_bytree"": 0.8, ""learning_rate"": 0.01, ""max_depth"": 5, ""min_child_weight"": 5, ""n_estimators"": 1000}",28.8,181.62541942933356,13.47684753305956,8.145445900493199,0.9425810548731776,177.0,66,22.05697215687145,0.0,0.0,0.0
47,fold3,42,168,9,4200,744,"{""colsample_bytree"": 0.8, ""learning_rate"": 0.01, ""max_depth"": 5, ""min_child_weight"": 5, ""n_estimators"": 1000}",31.21,405.7875223759429,20.144168445878893,13.273828451351452,0.9009558462359224,177.0,99,29.723260590524383,0.1111111111111111,0.9166666666666666,0.1981981981981982
48,fold1,42,168,9,2736,744,"{""colsample_bytree"": 1.0, ""learning_rate"": 0.01, ""max_depth"": 5, ""min_child_weight"": 5, ""n_estimators"": 1000}",28.41,103.07576269862601,10.152623439221314,6.175570354666761,0.9654296985186505,177.0,11,13.166730013760654,0.09090909090909091,1.0,0.16666666666666666
48,fold2,42,168,9,3480,720,"{""colsample_bytree"": 1.0, ""learning_rate"": 0.01, ""max_depth"": 5, ""min_child_weight"": 5, ""n_estimators"": 1000}",29.88,179.79645705512107,13.408820121663243,8.270747380786473,0.943159261880401,177.0,66,21.016931938402582,0.0,0.0,0.0
48,fold3,42,168,9,4200,744,"{""colsample_bytree"": 1.0, ""learning_rate"": 0.01, ""max_depth"": 5, ""min_child_weight"": 5, ""n_estimators"": 1000}",33.23,513.147504512431,22.65275931343533,14.606050642587805,0.874751544741941,177.0,99,30.789431022875238,0.030303030303030304,0.75,0.05825242718446602
49,fold1,42,168,9,2736,744,"{""colsample_bytree"": 0.8, ""learning_rate"": 0.05, ""max_depth"": 5, ""min_child_weight"": 1, ""n_estimators"": 200}",5.9,130.4438011632798,11.421199637659775,6.084750237003449,0.9562508060622101,177.0,11,20.59690995649858,0.0,0.0,0.0
49,fold2,42,168,9,3480,720,"{""colsample_bytree"": 0.8, ""learning_rate"": 0.05, ""max_depth"": 5, ""min_child_weight"": 1, ""n_estimators"": 200}",6.54,184.58449879491803,13.586187794775915,8.206571027967666,0.9416455733956826,177.0,66,22.653949853145715,0.015151515151515152,1.0,0.029850746268656716
49,fold3,42,168,9,4200,744,"{""colsample_bytree"": 0.8, ""learning_rate"": 0.05, ""max_depth"": 5, ""min_child_weight"": 1, ""n_estimators"": 200}",7.02,707.8800551258415,26.606015393625583,16.441412818047308,0.8272214467909322,177.0,99,29.542838279647057,0.050505050505050504,0.8333333333333334,0.09523809523809523
50,fold1,42,168,9,2736,744,"{""colsample_bytree"": 1.0, ""learning_rate"": 0.05, ""max_depth"": 5, ""min_child_weight"": 1, ""n_estimators"": 200}",6.11,152.92542833671783,12.366302128636427,6.221249113800705,0.9487107538828299,177.0,11,19.479784185236152,0.09090909090909091,1.0,0.16666666666666666
50,fold2,42,168,9,3480,720,"{""colsample_bytree"": 1.0, ""learning_rate"": 0.05, ""max_depth"": 5, ""min_child_weight"": 1, ""n_estimators"": 200}",6.82,200.21313058587313,14.149668921422618,8.983690439330207,0.9367047476344442,177.0,66,22.739358150597774,0.015151515151515152,1.0,0.029850746268656716
50,fold3,42,168,9,4200,744,"{""colsample_bytree"": 1.0, ""learning_rate"": 0.05, ""max_depth"": 5, ""min_child_weight"": 1, ""n_estimators"": 200}",7.49,1087.2360871897354,32.973263217184545,20.363961168514784,0.7346286609135562,177.0,99,32.52917503588127,0.030303030303030304,1.0,0.058823529411764705
51,fold1,42,168,9,2736,744,"{""colsample_bytree"": 0.8, ""learning_rate"": 0.05, ""max_depth"": 5, ""min_child_weight"": 5, ""n_estimators"": 200}",5.72,96.51382621837085,9.824145062974734,5.965729090475267,0.9676304886606274,177.0,11,12.734526200727982,0.09090909090909091,1.0,0.16666666666666666
51,fold2,42,168,9,3480,720,"{""colsample_bytree"": 0.8, ""learning_rate"": 0.05, ""max_depth"": 5, ""min_child_weight"": 5, ""n_estimators"": 200}",6.14,183.43876125606582,13.543956632242509,8.315472094217936,0.9420077861359465,177.0,66,21.793127580122515,0.030303030303030304,1.0,0.058823529411764705
51,fold3,42,168,9,4200,744,"{""colsample_bytree"": 0.8, ""learning_rate"": 0.05, ""max_depth"": 5, ""min_child_weight"": 5, ""n_estimators"": 200}",6.83,380.74625998563874,19.51272046603545,12.809285599698303,0.9070678888835376,177.0,99,29.52705676146228,0.13131313131313133,0.9285714285714286,0.23008849557522124
52,fold1,42,168,9,2736,744,"{""colsample_bytree"": 1.0, ""learning_rate"": 0.05, ""max_depth"": 5, ""min_child_weight"": 5, ""n_estimators"": 200}",5.87,105.93991973086757,10.2927119716267,6.309488773345947,0.9644690966322107,177.0,11,12.467077081853693,0.2727272727272727,0.75,0.4
52,fold2,42,168,9,3480,720,"{""colsample_bytree"": 1.0, ""learning_rate"": 0.05, ""max_depth"": 5, ""min_child_weight"": 5, ""n_estimators"": 200}",6.46,181.8190086092422,13.484027907463044,8.258860482109917,0.9425198537123861,177.0,66,21.785085504705254,0.015151515151515152,1.0,0.029850746268656716
52,fold3,42,168,9,4200,744,"{""colsample_bytree"": 1.0, ""learning_rate"": 0.05, ""max_depth"": 5, ""min_child_weight"": 5, ""n_estimators"": 200}",7.02,551.6780814553754,23.48782836822884,15.057900103189612,0.8653470456459336,177.0,99,31.341384887695312,0.050505050505050504,0.8333333333333334,0.09523809523809523
53,fold1,42,168,9,2736,744,"{""colsample_bytree"": 0.8, ""learning_rate"": 0.05, ""max_depth"": 5, ""min_child_weight"": 1, ""n_estimators"": 500}",13.05,132.83476386737541,11.525396473326868,6.283452936398086,0.9554489075426433,177.0,11,20.01766412908381,0.18181818181818182,1.0,0.3076923076923077
53,fold2,42,168,9,3480,720,"{""colsample_bytree"": 0.8, ""learning_rate"": 0.05, ""max_depth"": 5, ""min_child_weight"": 1, ""n_estimators"": 500}",14.25,183.7937122085163,13.557053964948148,8.168830937809414,0.9418955721665281,177.0,66,22.253918156479344,0.06060606060606061,1.0,0.11428571428571428
53,fold3,42,168,9,4200,744,"{""colsample_bytree"": 0.8, ""learning_rate"": 0.05, ""max_depth"": 5, ""min_child_weight"": 1, ""n_estimators"": 500}",16.34,726.8184788354813,26.95957119160988,16.88850805708157,0.8225989780196796,177.0,99,28.693773211854875,0.13131313131313133,0.9285714285714286,0.23008849557522124
54,fold1,42,168,9,2736,744,"{""colsample_bytree"": 1.0, ""learning_rate"": 0.05, ""max_depth"": 5, ""min_child_weight"": 1, ""n_estimators"": 500}",13.77,156.09677916460998,12.493869663343299,6.519405193226312,0.9476471230994816,177.0,11,20.291284040971235,0.18181818181818182,1.0,0.3076923076923077
54,fold2,42,168,9,3480,720,"{""colsample_bytree"": 1.0, ""learning_rate"": 0.05, ""max_depth"": 5, ""min_child_weight"": 1, ""n_estimators"": 500}",14.78,202.54443681169522,14.231810735521156,8.984873565038045,0.935967729959964,177.0,66,22.592505715110086,0.030303030303030304,0.6666666666666666,0.057971014492753624
54,fold3,42,168,9,4200,744,"{""colsample_bytree"": 1.0, ""learning_rate"": 0.05, ""max_depth"": 5, ""min_child_weight"": 1, ""n_estimators"": 500}",16.89,1107.9162803476936,33.285376373832605,20.726611298899495,0.7295810630499875,177.0,99,31.563201210715555,0.09090909090909091,1.0,0.16666666666666666
55,fold1,42,168,9,2736,744,"{""colsample_bytree"": 0.8, ""learning_rate"": 0.05, ""max_depth"": 5, ""min_child_weight"": 5, ""n_estimators"": 500}",12.56,99.74625897808238,9.987304890614002,6.150524095822406,0.9665463717732448,177.0,11,13.462858720259232,0.18181818181818182,1.0,0.3076923076923077
55,fold2,42,168,9,3480,720,"{""colsample_bytree"": 0.8, ""learning_rate"": 0.05, ""max_depth"": 5, ""min_child_weight"": 5, ""n_estimators"": 500}",13.75,175.47246791829042,13.246602127273636,8.052551235093011,0.9445262450689698,177.0,66,20.29220014629942,0.06060606060606061,0.8,0.11267605633802817
55,fold3,42,168,9,4200,744,"{""colsample_bytree"": 0.8, ""learning_rate"": 0.05, ""max_depth"": 5, ""min_child_weight"": 5, ""n_estimators"": 500}",14.93,391.7988839605842,19.793910274642155,13.17057332684917,0.9043701770809139,177.0,99,29.21912607520518,0.1111111111111111,0.9166666666666666,0.1981981981981982
56,fold1,42,168,9,2736,744,"{""colsample_bytree"": 1.0, ""learning_rate"": 0.05, ""max_depth"": 5, ""min_child_weight"": 5, ""n_estimators"": 500}",12.67,111.47324542656445,10.558089099196144,6.624815174328384,0.9626132894813674,177.0,11,12.630895441228693,0.2727272727272727,0.75,0.4
56,fold2,42,168,9,3480,720,"{""colsample_bytree"": 1.0, ""learning_rate"": 0.05, ""max_depth"": 5, ""min_child_weight"": 5, ""n_estimators"": 500}",14.35,181.91292485783094,13.487509957654561,8.272525931729211,0.9424901630890076,177.0,66,21.282105416962594,0.045454545454545456,1.0,0.08695652173913043
56,fold3,42,168,9,4200,744,"{""colsample_bytree"": 1.0, ""learning_rate"": 0.05, ""max_depth"": 5, ""min_child_weight"": 5, ""n_estimators"": 500}",15.96,573.0197125101947,23.937830154594103,15.631251473580637,0.8601380047779608,177.0,99,30.9119873046875,0.08080808080808081,0.8888888888888888,0.14814814814814814
57,fold1,42,168,9,2736,744,"{""colsample_bytree"": 0.8, ""learning_rate"": 0.05, ""max_depth"": 5, ""min_child_weight"": 1, ""n_estimators"": 1000}",25.02,133.90548331082675,11.57175368346677,6.331137964802403,0.9550898018422055,177.0,11,19.8934589732777,0.18181818181818182,1.0,0.3076923076923077
57,fold2,42,168,9,3480,720,"{""colsample_bytree"": 0.8, ""learning_rate"": 0.05, ""max_depth"": 5, ""min_child_weight"": 1, ""n_estimators"": 1000}",27.88,182.70308996236392,13.51677069282319,8.15421579943763,0.9422403607930466,177.0,66,21.793654239538945,0.07575757575757576,1.0,0.14084507042253522
57,fold3,42,168,9,4200,744,"{""colsample_bytree"": 0.8, ""learning_rate"": 0.05, ""max_depth"": 5, ""min_child_weight"": 1, ""n_estimators"": 1000}",30.6,731.079347723443,27.038479020156498,17.010711082848168,0.8215589900209435,177.0,99,28.986343075530698,0.1111111111111111,0.9166666666666666,0.1981981981981982
58,fold1,42,168,9,2736,744,"{""colsample_bytree"": 1.0, ""learning_rate"": 0.05, ""max_depth"": 5, ""min_child_weight"": 1, ""n_estimators"": 1000}",26.25,157.2761782530568,12.540979955851009,6.620512303485666,0.9472515676266239,177.0,11,20.606067310680043,0.09090909090909091,1.0,0.16666666666666666
58,fold2,42,168,9,3480,720,"{""colsample_bytree"": 1.0, ""learning_rate"": 0.05, ""max_depth"": 5, ""min_child_weight"": 1, ""n_estimators"": 1000}",28.78,202.97479447954268,14.24692228095397,9.010480173428853,0.9358316769592735,177.0,66,22.577588977235735,0.07575757575757576,0.8333333333333334,0.1388888888888889
58,fold3,42,168,9,4200,744,"{""colsample_bytree"": 1.0, ""learning_rate"": 0.05, ""max_depth"": 5, ""min_child_weight"": 1, ""n_estimators"": 1000}",32.14,1105.899332610324,33.255064766292726,20.740064004416105,0.7300733573439679,177.0,99,31.225050878043128,0.1111111111111111,0.9166666666666666,0.1981981981981982
59,fold1,42,168,9,2736,744,"{""colsample_bytree"": 0.8, ""learning_rate"": 0.05, ""max_depth"": 5, ""min_child_weight"": 5, ""n_estimators"": 1000}",24.16,102.81073326711915,10.139562774948393,6.341357047839831,0.9655185860234212,177.0,11,13.93848349831321,0.18181818181818182,1.0,0.3076923076923077
59,fold2,42,168,9,3480,720,"{""colsample_bytree"": 0.8, ""learning_rate"": 0.05, ""max_depth"": 5, ""min_child_weight"": 5, ""n_estimators"": 1000}",26.45,174.82360072359367,13.222087608376889,8.044989184538524,0.9447313775331587,177.0,66,20.22142560554273,0.07575757575757576,0.8333333333333334,0.1388888888888889
59,fold3,42,168,9,4200,744,"{""colsample_bytree"": 0.8, ""learning_rate"": 0.05, ""max_depth"": 5, ""min_child_weight"": 5, ""n_estimators"": 1000}",29.89,399.44346720581547,19.986081837264038,13.35886872327456,0.9025042959567982,177.0,99,29.265065973455254,0.1414141414141414,0.9333333333333333,0.24561403508771928
60,fold1,42,168,9,2736,744,"{""colsample_bytree"": 1.0, ""learning_rate"": 0.05, ""max_depth"": 5, ""min_child_weight"": 5, ""n_estimators"": 1000}",25.36,112.25608766104773,10.595097340800967,6.645118418560233,0.9623507341400351,177.0,11,12.347894841974432,0.2727272727272727,0.75,0.4
60,fold2,42,168,9,3480,720,"{""colsample_bytree"": 1.0, ""learning_rate"": 0.05, ""max_depth"": 5, ""min_child_weight"": 5, ""n_estimators"": 1000}",28.47,183.2213735033743,13.535928985606208,8.303364164299435,0.9420765109624728,177.0,66,21.390124234286223,0.045454545454545456,1.0,0.08695652173913043
60,fold3,42,168,9,4200,744,"{""colsample_bytree"": 1.0, ""learning_rate"": 0.05, ""max_depth"": 5, ""min_child_weight"": 5, ""n_estimators"": 1000}",31.21,585.0958844749382,24.188755331247165,15.892524020646208,0.8571904665541279,177.0,99,30.90573143236565,0.08080808080808081,0.8888888888888888,0.14814814814814814
61,fold1,42,168,9,2736,744,"{""colsample_bytree"": 0.8, ""learning_rate"": 0.1, ""max_depth"": 5, ""min_child_weight"": 1, ""n_estimators"": 200}",5.79,147.1434944306724,12.130271820147824,6.523793083365246,0.9506499410694593,177.0,11,18.924367037686434,0.18181818181818182,1.0,0.3076923076923077
61,fold2,42,168,9,3480,720,"{""colsample_bytree"": 0.8, ""learning_rate"": 0.1, ""max_depth"": 5, ""min_child_weight"": 1, ""n_estimators"": 200}",6.2,193.85290977759803,13.923107044679288,8.244710360633002,0.9387154638146589,177.0,66,22.083464189009234,0.09090909090909091,1.0,0.16666666666666666
61,fold3,42,168,9,4200,744,"{""colsample_bytree"": 0.8, ""learning_rate"": 0.1, ""max_depth"": 5, ""min_child_weight"": 1, ""n_estimators"": 200}",6.78,726.5918818841593,26.955368331450405,17.065897496797707,0.8226542855440653,177.0,99,29.960691741018586,0.13131313131313133,0.9285714285714286,0.23008849557522124
62,fold1,42,168,9,2736,744,"{""colsample_bytree"": 1.0, ""learning_rate"": 0.1, ""max_depth"": 5, ""min_child_weight"": 1, ""n_estimators"": 200}",5.94,156.1596729958641,12.496386397509646,6.424404019950538,0.9476260293073927,177.0,11,17.5058611089533,0.18181818181818182,1.0,0.3076923076923077
62,fold2,42,168,9,3480,720,"{""colsample_bytree"": 1.0, ""learning_rate"": 0.1, ""max_depth"": 5, ""min_child_weight"": 1, ""n_estimators"": 200}",6.46,199.32265751391185,14.118167640098054,8.697472349802654,0.9369862612277315,177.0,66,20.61904999704072,0.09090909090909091,0.8571428571428571,0.1643835616438356
62,fold3,42,168,9,4200,744,"{""colsample_bytree"": 1.0, ""learning_rate"": 0.1, ""max_depth"": 5, ""min_child_weight"": 1, ""n_estimators"": 200}",7.45,1135.219689575685,33.69302137796023,20.852672787122827,0.7229168781927819,177.0,99,32.35848282322739,0.08080808080808081,1.0,0.14953271028037382
63,fold1,42,168,9,2736,744,"{""colsample_bytree"": 0.8, ""learning_rate"": 0.1, ""max_depth"": 5, ""min_child_weight"": 5, ""n_estimators"": 200}",5.76,103.29988322323551,10.16365501299781,6.146092280264823,0.9653545313416045,177.0,11,11.904420332475143,0.18181818181818182,0.6666666666666666,0.2857142857142857
63,fold2,42,168,9,3480,720,"{""colsample_bytree"": 0.8, ""learning_rate"": 0.1, ""max_depth"": 5, ""min_child_weight"": 5, ""n_estimators"": 200}",6.05,191.5430518441369,13.83990794203982,8.34437778128518,0.9394457008395691,177.0,66,22.51438464540424,0.045454545454545456,1.0,0.08695652173913043
63,fold3,42,168,9,4200,744,"{""colsample_bytree"": 0.8, ""learning_rate"": 0.1, ""max_depth"": 5, ""min_child_weight"": 5, ""n_estimators"": 200}",6.79,507.04088246495957,22.517568307101005,14.94004980338517,0.8762420420581412,177.0,99,28.4163994066643,0.16161616161616163,0.9411764705882353,0.27586206896551724
64,fold1,42,168,9,2736,744,"{""colsample_bytree"": 1.0, ""learning_rate"": 0.1, ""max_depth"": 5, ""min_child_weight"": 5, ""n_estimators"": 200}",5.83,113.2644809232614,10.642578678274425,6.4591335840122674,0.9620125318490813,177.0,11,14.131229747425426,0.09090909090909091,1.0,0.16666666666666666
64,fold2,42,168,9,3480,720,"{""colsample_bytree"": 1.0, ""learning_rate"": 0.1, ""max_depth"": 5, ""min_child_weight"": 5, ""n_estimators"": 200}",6.19,185.58378281813316,13.622913888670556,8.253801745838588,0.9413296603771448,177.0,66,18.23885726928711,0.15151515151515152,0.7692307692307693,0.25316455696202533
64,fold3,42,168,9,4200,744,"{""colsample_bytree"": 1.0, ""learning_rate"": 0.1, ""max_depth"": 5, ""min_child_weight"": 5, ""n_estimators"": 200}",6.83,595.113942428803,24.394957315576576,15.402104964820287,0.8547452704411711,177.0,99,31.931024647722342,0.1414141414141414,0.875,0.24347826086956523
65,fold1,42,168,9,2736,744,"{""colsample_bytree"": 0.8, ""learning_rate"": 0.1, ""max_depth"": 5, ""min_child_weight"": 1, ""n_estimators"": 500}",13.28,153.73931931021943,12.399166073176835,6.776375310395354,0.9484377851888299,177.0,11,19.14231387051669,0.18181818181818182,1.0,0.3076923076923077
65,fold2,42,168,9,3480,720,"{""colsample_bytree"": 0.8, ""learning_rate"": 0.1, ""max_depth"": 5, ""min_child_weight"": 1, ""n_estimators"": 500}",16.06,194.27816004850158,13.93837006426869,8.26062837574217,0.9385810254632051,177.0,66,21.982456438469164,0.09090909090909091,1.0,0.16666666666666666
65,fold3,42,168,9,4200,744,"{""colsample_bytree"": 0.8, ""learning_rate"": 0.1, ""max_depth"": 5, ""min_child_weight"": 1, ""n_estimators"": 500}",17.75,727.8876856042318,26.979393721954388,17.119969084698667,0.822338007255991,177.0,99,30.253615177038945,0.1111111111111111,0.9166666666666666,0.1981981981981982
66,fold1,42,168,9,2736,744,"{""colsample_bytree"": 1.0, ""learning_rate"": 0.1, ""max_depth"": 5, ""min_child_weight"": 1, ""n_estimators"": 500}",14.27,154.23347158227364,12.419076921505626,6.370397367785054,0.94827205279379,177.0,11,17.02543154629794,0.2727272727272727,0.6,0.375
66,fold2,42,168,9,3480,720,"{""colsample_bytree"": 1.0, ""learning_rate"": 0.1, ""max_depth"": 5, ""min_child_weight"": 1, ""n_estimators"": 500}",15.3,201.24885297366038,14.186220531687091,8.749536754025353,0.9363773150143967,177.0,66,20.357582207882043,0.10606060606060606,0.875,0.1891891891891892
66,fold3,42,168,9,4200,744,"{""colsample_bytree"": 1.0, ""learning_rate"": 0.1, ""max_depth"": 5, ""min_child_weight"": 1, ""n_estimators"": 500}",17.17,1147.9977536021609,33.882115542010666,21.05329559438972,0.7197980229583103,177.0,99,31.275801071012864,0.1111111111111111,0.7857142857142857,0.19469026548672566
67,fold1,42,168,9,2736,744,"{""colsample_bytree"": 0.8, ""learning_rate"": 0.1, ""max_depth"": 5, ""min_child_weight"": 5, ""n_estimators"": 500}",12.36,105.26958778058257,10.260096869941462,6.249651583292151,0.9646939174533934,177.0,11,11.719336769797586,0.18181818181818182,0.6666666666666666,0.2857142857142857
67,fold2,42,168,9,3480,720,"{""colsample_bytree"": 0.8, ""learning_rate"": 0.1, ""max_depth"": 5, ""min_child_weight"": 5, ""n_estimators"": 500}",13.8,191.81102986097815,13.849585909368487,8.32904051674737,0.9393609824389589,177.0,66,22.184193697842684,0.06060606060606061,1.0,0.11428571428571428
67,fold3,42,168,9,4200,744,"{""colsample_bytree"": 0.8, ""learning_rate"": 0.1, ""max_depth"": 5, ""min_child_weight"": 5, ""n_estimators"": 500}",15.28,521.7765693103961,22.842429146445788,15.260025665324221,0.8726453724878368,177.0,99,28.46885388306897,0.21212121212121213,0.9545454545454546,0.34710743801652894
68,fold1,42,168,9,2736,744,"{""colsample_bytree"": 1.0, ""learning_rate"": 0.1, ""max_depth"": 5, ""min_child_weight"": 5, ""n_estimators"": 500}",12.87,117.6924524181037,10.84861523043857,6.6822394799160705,0.9605274464563582,177.0,11,14.866994684392756,0.09090909090909091,0.5,0.15384615384615385
68,fold2,42,168,9,3480,720,"{""colsample_bytree"": 1.0, ""learning_rate"": 0.1, ""max_depth"": 5, ""min_child_weight"": 5, ""n_estimators"": 500}",14.88,186.02379009154507,13.639053856171442,8.29380037519667,0.9411905567562595,177.0,66,17.8663830612645,0.15151515151515152,0.7142857142857143,0.25
68,fold3,42,168,9,4200,744,"{""colsample_bytree"": 1.0, ""learning_rate"": 0.1, ""max_depth"": 5, ""min_child_weight"": 5, ""n_estimators"": 500}",16.0,608.7250185246911,24.67235332360274,15.714943503820768,0.8514230945747413,177.0,99,32.66420429884786,0.12121212121212122,0.9230769230769231,0.21428571428571427
69,fold1,42,168,9,2736,744,"{""colsample_bytree"": 0.8, ""learning_rate"": 0.1, ""max_depth"": 5, ""min_child_weight"": 1, ""n_estimators"": 1000}",25.93,154.97973249510662,12.449085608794993,6.835797908485577,0.9480217663630622,177.0,11,19.136118108575996,0.18181818181818182,1.0,0.3076923076923077
69,fold2,42,168,9,3480,720,"{""colsample_bytree"": 0.8, ""learning_rate"": 0.1, ""max_depth"": 5, ""min_child_weight"": 1, ""n_estimators"": 1000}",28.91,194.48534825436516,13.945800380557767,8.256777658727433,0.9385155251149565,177.0,66,21.937704490892816,0.09090909090909091,1.0,0.16666666666666666
69,fold3,42,168,9,4200,744,"{""colsample_bytree"": 0.8, ""learning_rate"": 0.1, ""max_depth"": 5, ""min_child_weight"": 1, ""n_estimators"": 1000}",31.78,727.1862967463414,26.96639198606928,17.117988922262704,0.8225092014452124,177.0,99,30.110786052665325,0.12121212121212122,0.9230769230769231,0.21428571428571427
70,fold1,42,168,9,2736,744,"{""colsample_bytree"": 1.0, ""learning_rate"": 0.1, ""max_depth"": 5, ""min_child_weight"": 1, ""n_estimators"": 1000}",26.88,154.14876327480795,12.415666042335705,6.3609758602675575,0.9483004628841002,177.0,11,16.726551055908203,0.2727272727272727,0.6,0.375
70,fold2,42,168,9,3480,720,"{""colsample_bytree"": 1.0, ""learning_rate"": 0.1, ""max_depth"": 5, ""min_child_weight"": 1, ""n_estimators"": 1000}",30.45,201.3240125442982,14.188869318740595,8.767421534326342,0.9363535541153124,177.0,66,20.269093022202,0.10606060606060606,0.875,0.1891891891891892
70,fold3,42,168,9,4200,744,"{""colsample_bytree"": 1.0, ""learning_rate"": 0.1, ""max_depth"": 5, ""min_child_weight"": 1, ""n_estimators"": 1000}",34.89,1148.1126339472498,33.88381079434912,21.07425920168559,0.7197699830952389,177.0,99,31.258846013232915,0.1111111111111111,0.7857142857142857,0.19469026548672566
71,fold1,42,168,9,2736,744,"{""colsample_bytree"": 0.8, ""learning_rate"": 0.1, ""max_depth"": 5, ""min_child_weight"": 5, ""n_estimators"": 1000}",24.48,105.31406907508041,10.262264324947024,6.2556624540718655,0.9646789989922459,177.0,11,11.56520635431463,0.18181818181818182,0.6666666666666666,0.2857142857142857
71,fold2,42,168,9,3480,720,"{""colsample_bytree"": 0.8, ""learning_rate"": 0.1, ""max_depth"": 5, ""min_child_weight"": 5, ""n_estimators"": 1000}",27.16,192.43936685403136,13.872251686515472,8.345833403534359,0.9391623403797217,177.0,66,22.21116626623905,0.07575757575757576,1.0,0.14084507042253522
71,fold3,42,168,9,4200,744,"{""colsample_bytree"": 0.8, ""learning_rate"": 0.1, ""max_depth"": 5, ""min_child_weight"": 5, ""n_estimators"": 1000}",30.31,523.5017036797735,22.880159607829956,15.321394258929837,0.8722243036665387,177.0,99,28.380491314512312,0.21212121212121213,0.9545454545454546,0.34710743801652894
72,fold1,42,168,9,2736,744,"{""colsample_bytree"": 1.0, ""learning_rate"": 0.1, ""max_depth"": 5, ""min_child_weight"": 5, ""n_estimators"": 1000}",25.79,117.69891782903572,10.848913209581672,6.694111415134963,0.960525278039659,177.0,11,14.932077581232244,0.09090909090909091,0.5,0.15384615384615385
72,fold2,42,168,9,3480,720,"{""colsample_bytree"": 1.0, ""learning_rate"": 0.1, ""max_depth"": 5, ""min_child_weight"": 5, ""n_estimators"": 1000}",28.75,185.5159097548293,13.620422524827536,8.291555809974671,0.941351117724413,177.0,66,17.80030684037642,0.15151515151515152,0.6666666666666666,0.24691358024691357
72,fold3,42,168,9,4200,744,"{""colsample_bytree"": 1.0, ""learning_rate"": 0.1, ""max_depth"": 5, ""min_child_weight"": 5, ""n_estimators"": 1000}",30.86,610.9680178392197,24.71776725028415,15.775476300588219,0.8508756258706763,177.0,99,32.54230090825244,0.12121212121212122,0.9230769230769231,0.21428571428571427
73,fold1,42,168,9,2736,744,"{""colsample_bytree"": 0.8, ""learning_rate"": 0.01, ""max_depth"": 7, ""min_child_weight"": 1, ""n_estimators"": 200}",13.03,288.09650777542424,16.97340589791643,11.537749913430982,0.9033760908600763,177.0,11,31.645692998712715,0.0,0.0,0.0
73,fold2,42,168,9,3480,720,"{""colsample_bytree"": 0.8, ""learning_rate"": 0.01, ""max_depth"": 7, ""min_child_weight"": 1, ""n_estimators"": 200}",13.5,319.4327397099007,17.872681379969283,13.024859499931335,0.8990147358737437,177.0,66,36.46423120209665,0.0,0.0,0.0
73,fold3,42,168,9,4200,744,"{""colsample_bytree"": 0.8, ""learning_rate"": 0.01, ""max_depth"": 7, ""min_child_weight"": 1, ""n_estimators"": 200}",15.85,1046.971474348343,32.35693858121227,23.14744177941353,0.7444564015058832,177.0,99,40.674219227800464,0.0,0.0,0.0
74,fold1,42,168,9,2736,744,"{""colsample_bytree"": 1.0, ""learning_rate"": 0.01, ""max_depth"": 7, ""min_child_weight"": 1, ""n_estimators"": 200}",14.0,309.22432336300983,17.584775328761236,11.89808791170838,0.8962900898896957,177.0,11,35.4132641878995,0.0,0.0,0.0
74,fold2,42,168,9,3480,720,"{""colsample_bytree"": 1.0, ""learning_rate"": 0.01, ""max_depth"": 7, ""min_child_weight"": 1, ""n_estimators"": 200}",14.96,325.9546585580321,18.05421442649976,13.009356440438165,0.8969529005775662,177.0,66,35.64402875033292,0.0,0.0,0.0
74,fold3,42,168,9,4200,744,"{""colsample_bytree"": 1.0, ""learning_rate"": 0.01, ""max_depth"": 7, ""min_child_weight"": 1, ""n_estimators"": 200}",17.42,1353.6403308831145,36.7918514196162,25.566101945856566,0.6696050181921698,177.0,99,44.764236681389086,0.0,0.0,0.0
75,fold1,42,168,9,2736,744,"{""colsample_bytree"": 0.8, ""learning_rate"": 0.01, ""max_depth"": 7, ""min_child_weight"": 5, ""n_estimators"": 200}",12.98,188.22401157154582,13.71947563034192,10.439862320500035,0.9368720574488255,177.0,11,25.34731500799006,0.0,0.0,0.0
75,fold2,42,168,9,3480,720,"{""colsample_bytree"": 0.8, ""learning_rate"": 0.01, ""max_depth"": 7, ""min_child_weight"": 5, ""n_estimators"": 200}",14.1,306.16725912820925,17.49763581539544,12.812259300549824,0.903208476507595,177.0,66,33.94929354118578,0.0,0.0,0.0
75,fold3,42,168,9,4200,744,"{""colsample_bytree"": 0.8, ""learning_rate"": 0.01, ""max_depth"": 7, ""min_child_weight"": 5, ""n_estimators"": 200}",14.62,638.275117837965,25.264107303405062,19.215331651831185,0.8442105401743718,177.0,99,40.658705432005604,0.0,0.0,0.0
76,fold1,42,168,9,2736,744,"{""colsample_bytree"": 1.0, ""learning_rate"": 0.01, ""max_depth"": 7, ""min_child_weight"": 5, ""n_estimators"": 200}",11.98,204.2176917644128,14.29047556117055,10.774347853916948,0.9315079802730855,177.0,11,25.416277798739348,0.0,0.0,0.0
76,fold2,42,168,9,3480,720,"{""colsample_bytree"": 1.0, ""learning_rate"": 0.01, ""max_depth"": 7, ""min_child_weight"": 5, ""n_estimators"": 200}",12.68,339.7727916851199,18.432926834475307,13.296191623475817,0.8925844447178505,177.0,66,37.63114778923266,0.0,0.0,0.0
76,fold3,42,168,9,4200,744,"{""colsample_bytree"": 1.0, ""learning_rate"": 0.01, ""max_depth"": 7, ""min_child_weight"": 5, ""n_estimators"": 200}",14.48,860.4017105702598,29.33260490597894,21.32331847119075,0.789994135793939,177.0,99,44.00004462039832,0.0,0.0,0.0
77,fold1,42,168,9,2736,744,"{""colsample_bytree"": 0.8, ""learning_rate"": 0.01, ""max_depth"": 7, ""min_child_weight"": 1, ""n_estimators"": 500}",34.11,194.1287048881837,13.933007747366815,7.484470664813954,0.9348916983152442,177.0,11,21.760542436079547,0.09090909090909091,1.0,0.16666666666666666
77,fold2,42,168,9,3480,720,"{""colsample_bytree"": 0.8, ""learning_rate"": 0.01, ""max_depth"": 7, ""min_child_weight"": 1, ""n_estimators"": 500}",36.27,193.12756531353665,13.897034407150924,8.494802318678962,0.9389447737543735,177.0,66,25.56712144793886,0.0,0.0,0.0
77,fold3,42,168,9,4200,744,"{""colsample_bytree"": 0.8, ""learning_rate"": 0.01, ""max_depth"": 7, ""min_child_weight"": 1, ""n_estimators"": 500}",41.1,876.9446022408744,29.613250450446575,18.3757958386534,0.7859563657394697,177.0,99,30.897621000655974,0.050505050505050504,0.8333333333333334,0.09523809523809523
78,fold1,42,168,9,2736,744,"{""colsample_bytree"": 1.0, ""learning_rate"": 0.01, ""max_depth"": 7, ""min_child_weight"": 1, ""n_estimators"": 500}",37.26,218.32842248850199,14.775940663406239,7.670445137126471,0.9267754204308636,177.0,11,25.32371035489169,0.0,0.0,0.0
78,fold2,42,168,9,3480,720,"{""colsample_bytree"": 1.0, ""learning_rate"": 0.01, ""max_depth"": 7, ""min_child_weight"": 1, ""n_estimators"": 500}",40.94,205.5098549445152,14.335614913372751,8.742021709018283,0.9350302445486077,177.0,66,24.844347404711176,0.0,0.0,0.0
78,fold3,42,168,9,4200,744,"{""colsample_bytree"": 1.0, ""learning_rate"": 0.01, ""max_depth"": 7, ""min_child_weight"": 1, ""n_estimators"": 500}",45.51,1174.3858732141266,34.26931387136496,20.995008155863772,0.713357240942418,177.0,99,34.75655287925643,0.04040404040404041,0.8,0.07692307692307693
79,fold1,42,168,9,2736,744,"{""colsample_bytree"": 0.8, ""learning_rate"": 0.01, ""max_depth"": 7, ""min_child_weight"": 5, ""n_estimators"": 500}",26.61,99.85901408452489,9.992948217844667,6.033954879289032,0.9665085551428244,177.0,11,14.85110889781605,0.0,0.0,0.0
79,fold2,42,168,9,3480,720,"{""colsample_bytree"": 0.8, ""learning_rate"": 0.01, ""max_depth"": 7, ""min_child_weight"": 5, ""n_estimators"": 500}",30.25,198.14077651332713,14.076248666222373,8.442740371492174,0.9373599003391082,177.0,66,24.318303888494317,0.0,0.0,0.0
79,fold3,42,168,9,4200,744,"{""colsample_bytree"": 0.8, ""learning_rate"": 0.01, ""max_depth"": 7, ""min_child_weight"": 5, ""n_estimators"": 500}",35.36,442.2416807777991,21.029543047289426,13.848167193833218,0.8920581569995627,177.0,99,31.06296053799716,0.06060606060606061,0.8571428571428571,0.11320754716981132
80,fold1,42,168,9,2736,744,"{""colsample_bytree"": 1.0, ""learning_rate"": 0.01, ""max_depth"": 7, ""min_child_weight"": 5, ""n_estimators"": 500}",29.05,111.92993640489965,10.579694532683808,6.361758257753106,0.9624601211283859,177.0,11,15.072420987215908,0.09090909090909091,0.5,0.15384615384615385
80,fold2,42,168,9,3480,720,"{""colsample_bytree"": 1.0, ""learning_rate"": 0.01, ""max_depth"": 7, ""min_child_weight"": 5, ""n_estimators"": 500}",32.55,211.72773343550003,14.55086710253035,8.621261766221789,0.9330645283784764,177.0,66,27.264932921438508,0.0,0.0,0.0
80,fold3,42,168,9,4200,744,"{""colsample_bytree"": 1.0, ""learning_rate"": 0.01, ""max_depth"": 7, ""min_child_weight"": 5, ""n_estimators"": 500}",35.96,643.5098089334942,25.3674951253271,16.022275035099316,0.8429328627664087,177.0,99,34.46197247746015,0.08080808080808081,0.8888888888888888,0.14814814814814814
81,fold1,42,168,9,2736,744,"{""colsample_bytree"": 0.8, ""learning_rate"": 0.01, ""max_depth"": 7, ""min_child_weight"": 1, ""n_estimators"": 1000}",60.4,190.98702869216677,13.819805667670106,7.323375289158155,0.9359453766040058,177.0,11,21.152522693980824,0.09090909090909091,1.0,0.16666666666666666
81,fold2,42,168,9,3480,720,"{""colsample_bytree"": 0.8, ""learning_rate"": 0.01, ""max_depth"": 7, ""min_child_weight"": 1, ""n_estimators"": 1000}",66.22,186.66364881703743,13.66249057884533,8.32994126478831,0.9409882722238223,177.0,66,24.721580389774207,0.0,0.0,0.0
81,fold3,42,168,9,4200,744,"{""colsample_bytree"": 0.8, ""learning_rate"": 0.01, ""max_depth"": 7, ""min_child_weight"": 1, ""n_estimators"": 1000}",71.58,877.1248015702279,29.616292839756767,18.31891772567585,0.7859123828935208,177.0,99,29.818490461869672,0.10101010101010101,0.9090909090909091,0.18181818181818182
82,fold1,42,168,9,2736,744,"{""colsample_bytree"": 1.0, ""learning_rate"": 0.01, ""max_depth"": 7, ""min_child_weight"": 1, ""n_estimators"": 1000}",65.48,216.1023463309448,14.700419937231208,7.613665155185166,0.9275220180972054,177.0,11,25.40416890924627,0.0,0.0,0.0
82,fold2,42,168,9,3480,720,"{""colsample_bytree"": 1.0, ""learning_rate"": 0.01, ""max_depth"": 7, ""min_child_weight"": 1, ""n_estimators"": 1000}",74.73,200.1821555457476,14.148574329088694,8.632811792691548,0.9367145400640219,177.0,66,24.154215148001008,0.0,0.0,0.0
82,fold3,42,168,9,4200,744,"{""colsample_bytree"": 1.0, ""learning_rate"": 0.01, ""max_depth"": 7, ""min_child_weight"": 1, ""n_estimators"": 1000}",78.32,1182.232657373874,34.38361030162298,21.02145653129906,0.7114420068506424,177.0,99,33.690928526598995,0.050505050505050504,0.8333333333333334,0.09523809523809523
83,fold1,42,168,9,2736,744,"{""colsample_bytree"": 0.8, ""learning_rate"": 0.01, ""max_depth"": 7, ""min_child_weight"": 5, ""n_estimators"": 1000}",46.52,96.98512912421423,9.848102818523689,5.941163829577866,0.9674724196527688,177.0,11,13.867509321732955,0.18181818181818182,1.0,0.3076923076923077
83,fold2,42,168,9,3480,720,"{""colsample_bytree"": 0.8, ""learning_rate"": 0.01, ""max_depth"": 7, ""min_child_weight"": 5, ""n_estimators"": 1000}",53.35,191.98492582302023,13.855862507365618,8.302136227819656,0.9393060070795977,177.0,66,23.485032977479875,0.0,0.0,0.0
83,fold3,42,168,9,4200,744,"{""colsample_bytree"": 0.8, ""learning_rate"": 0.01, ""max_depth"": 7, ""min_child_weight"": 5, ""n_estimators"": 1000}",56.85,439.558067185857,20.96564015683416,13.791425745974305,0.8927131703318786,177.0,99,29.950013285935526,0.12121212121212122,0.9230769230769231,0.21428571428571427
84,fold1,42,168,9,2736,744,"{""colsample_bytree"": 1.0, ""learning_rate"": 0.01, ""max_depth"": 7, ""min_child_weight"": 5, ""n_estimators"": 1000}",50.63,108.35169590436189,10.409212069333677,6.2169609582552345,0.9636602175393922,177.0,11,14.19009815562855,0.09090909090909091,0.5,0.15384615384615385
84,fold2,42,168,9,3480,720,"{""colsample_bytree"": 1.0, ""learning_rate"": 0.01, ""max_depth"": 7, ""min_child_weight"": 5, ""n_estimators"": 1000}",56.94,204.28143278276357,14.292705579517252,8.508798593944974,0.9354185971532145,177.0,66,26.048998977198746,0.015151515151515152,1.0,0.029850746268656716
84,fold3,42,168,9,4200,744,"{""colsample_bytree"": 1.0, ""learning_rate"": 0.01, ""max_depth"": 7, ""min_child_weight"": 5, ""n_estimators"": 1000}",60.96,640.9938197200186,25.31785574885872,15.998123461200345,0.8435469625323877,177.0,99,33.34944476503314,0.12121212121212122,0.9230769230769231,0.21428571428571427
85,fold1,42,168,9,2736,744,"{""colsample_bytree"": 0.8, ""learning_rate"": 0.05, ""max_depth"": 7, ""min_child_weight"": 1, ""n_estimators"": 200}",12.85,202.93724380488834,14.245604367835305,7.489380162249329,0.9319374262537217,177.0,11,23.544167952104047,0.09090909090909091,1.0,0.16666666666666666
85,fold2,42,168,9,3480,720,"{""colsample_bytree"": 0.8, ""learning_rate"": 0.05, ""max_depth"": 7, ""min_child_weight"": 1, ""n_estimators"": 200}",14.44,187.21485361015442,13.682647902001806,8.228073581059773,0.940814014689447,177.0,66,23.971155571215082,0.0,0.0,0.0
85,fold3,42,168,9,4200,744,"{""colsample_bytree"": 0.8, ""learning_rate"": 0.05, ""max_depth"": 7, ""min_child_weight"": 1, ""n_estimators"": 200}",15.98,752.1004685643758,27.42445019620951,17.53994108015491,0.8164281789189359,177.0,99,29.476297628999962,0.09090909090909091,0.9,0.1651376146788991
86,fold1,42,168,9,2736,744,"{""colsample_bytree"": 1.0, ""learning_rate"": 0.05, ""max_depth"": 7, ""min_child_weight"": 1, ""n_estimators"": 200}",14.34,205.30083398082968,14.328322790223204,7.428199860357469,0.9311447081323961,177.0,11,23.395408977161754,0.0,0.0,0.0
86,fold2,42,168,9,3480,720,"{""colsample_bytree"": 1.0, ""learning_rate"": 0.05, ""max_depth"": 7, ""min_child_weight"": 1, ""n_estimators"": 200}",15.92,202.94173199967804,14.24576189607555,8.709055097897847,0.9358421293107289,177.0,66,24.791817982991535,0.030303030303030304,1.0,0.058823529411764705
86,fold3,42,168,9,4200,744,"{""colsample_bytree"": 1.0, ""learning_rate"": 0.05, ""max_depth"": 7, ""min_child_weight"": 1, ""n_estimators"": 200}",16.43,1130.2797427583027,33.61963329303731,20.59840986292849,0.7241226147548685,177.0,99,32.682039434259586,0.13131313131313133,0.9285714285714286,0.23008849557522124
87,fold1,42,168,9,2736,744,"{""colsample_bytree"": 0.8, ""learning_rate"": 0.05, ""max_depth"": 7, ""min_child_weight"": 5, ""n_estimators"": 200}",10.15,96.34288861323382,9.815441335632027,6.0714883009592695,0.9676878189620424,177.0,11,14.22785672274503,0.18181818181818182,1.0,0.3076923076923077
87,fold2,42,168,9,3480,720,"{""colsample_bytree"": 0.8, ""learning_rate"": 0.05, ""max_depth"": 7, ""min_child_weight"": 5, ""n_estimators"": 200}",11.27,207.20571550142017,14.394641902507342,8.761345813009473,0.9344941162656525,177.0,66,24.9017158277107,0.0,0.0,0.0
87,fold3,42,168,9,4200,744,"{""colsample_bytree"": 0.8, ""learning_rate"": 0.05, ""max_depth"": 7, ""min_child_weight"": 5, ""n_estimators"": 200}",12.29,435.22058606302613,20.861941090488827,13.96343066615443,0.8937718577571673,177.0,99,27.933327106514362,0.13131313131313133,0.9285714285714286,0.23008849557522124
88,fold1,42,168,9,2736,744,"{""colsample_bytree"": 1.0, ""learning_rate"": 0.05, ""max_depth"": 7, ""min_child_weight"": 5, ""n_estimators"": 200}",10.73,109.24977758668122,10.452261840706116,6.29460746242154,0.9633590123510937,177.0,11,14.259858564897018,0.18181818181818182,0.6666666666666666,0.2857142857142857
88,fold2,42,168,9,3480,720,"{""colsample_bytree"": 1.0, ""learning_rate"": 0.05, ""max_depth"": 7, ""min_child_weight"": 5, ""n_estimators"": 200}",12.44,200.74084307881765,14.168304170888542,8.289920404222276,0.9365379169409745,177.0,66,24.84117450136127,0.030303030303030304,1.0,0.058823529411764705
88,fold3,42,168,9,4200,744,"{""colsample_bytree"": 1.0, ""learning_rate"": 0.05, ""max_depth"": 7, ""min_child_weight"": 5, ""n_estimators"": 200}",13.24,587.559424917198,24.239625098528197,15.508221485281503,0.8565891684241643,177.0,99,32.21058508362433,0.08080808080808081,0.8888888888888888,0.14814814814814814
89,fold1,42,168,9,2736,744,"{""colsample_bytree"": 0.8, ""learning_rate"": 0.05, ""max_depth"": 7, ""min_child_weight"": 1, ""n_estimators"": 500}",27.08,203.9360779209253,14.280618961407987,7.54381440788187,0.9316024299789697,177.0,11,23.452781677246094,0.09090909090909091,1.0,0.16666666666666666
89,fold2,42,168,9,3480,720,"{""colsample_bytree"": 0.8, ""learning_rate"": 0.05, ""max_depth"": 7, ""min_child_weight"": 1, ""n_estimators"": 500}",30.05,188.59186570087914,13.732875361732486,8.227522095044455,0.9403786869587543,177.0,66,24.000732306278113,0.015151515151515152,1.0,0.029850746268656716
89,fold3,42,168,9,4200,744,"{""colsample_bytree"": 0.8, ""learning_rate"": 0.05, ""max_depth"": 7, ""min_child_weight"": 1, ""n_estimators"": 500}",34.17,757.9528432710682,27.530943377789804,17.65118428455886,0.8149997380025156,177.0,99,29.286029777141533,0.10101010101010101,0.9090909090909091,0.18181818181818182
90,fold1,42,168,9,2736,744,"{""colsample_bytree"": 1.0, ""learning_rate"": 0.05, ""max_depth"": 7, ""min_child_weight"": 1, ""n_estimators"": 500}",29.73,204.70122357927434,14.307383533661014,7.436093222710394,0.9313458098444808,177.0,11,23.211353995583274,0.0,0.0,0.0
90,fold2,42,168,9,3480,720,"{""colsample_bytree"": 1.0, ""learning_rate"": 0.05, ""max_depth"": 7, ""min_child_weight"": 1, ""n_estimators"": 500}",33.16,201.0215867818041,14.178208165413714,8.646624353196886,0.9364491628044274,177.0,66,24.43234195131244,0.045454545454545456,1.0,0.08695652173913043
90,fold3,42,168,9,4200,744,"{""colsample_bytree"": 1.0, ""learning_rate"": 0.05, ""max_depth"": 7, ""min_child_weight"": 1, ""n_estimators"": 500}",34.73,1136.369738651906,33.710083634602654,20.658150216584566,0.7226361755312646,177.0,99,32.64503586894334,0.1111111111111111,0.9166666666666666,0.1981981981981982
91,fold1,42,168,9,2736,744,"{""colsample_bytree"": 0.8, ""learning_rate"": 0.05, ""max_depth"": 7, ""min_child_weight"": 5, ""n_estimators"": 500}",22.59,97.45937805839264,9.872151642797666,6.114077514217746,0.9673133625844287,177.0,11,14.188608342950994,0.18181818181818182,1.0,0.3076923076923077
91,fold2,42,168,9,3480,720,"{""colsample_bytree"": 0.8, ""learning_rate"": 0.05, ""max_depth"": 7, ""min_child_weight"": 5, ""n_estimators"": 500}",25.6,206.79814433722078,14.380477889737211,8.694755069414775,0.934622965555504,177.0,66,24.68943809740471,0.0,0.0,0.0
91,fold3,42,168,9,4200,744,"{""colsample_bytree"": 0.8, ""learning_rate"": 0.05, ""max_depth"": 7, ""min_child_weight"": 5, ""n_estimators"": 500}",27.12,437.13914766996544,20.907872863349,14.072351763325353,0.893303577437233,177.0,99,27.60546181418679,0.1414141414141414,0.9333333333333333,0.24561403508771928
92,fold1,42,168,9,2736,744,"{""colsample_bytree"": 1.0, ""learning_rate"": 0.05, ""max_depth"": 7, ""min_child_weight"": 5, ""n_estimators"": 500}",23.85,110.18888217037309,10.497089223702591,6.349110172640893,0.9630440486027714,177.0,11,13.834612759676846,0.2727272727272727,0.75,0.4
92,fold2,42,168,9,3480,720,"{""colsample_bytree"": 1.0, ""learning_rate"": 0.05, ""max_depth"": 7, ""min_child_weight"": 5, ""n_estimators"": 500}",27.37,200.01107115132157,14.142527042622955,8.248335578706529,0.9367686265761768,177.0,66,24.683192744399562,0.0,0.0,0.0
92,fold3,42,168,9,4200,744,"{""colsample_bytree"": 1.0, ""learning_rate"": 0.05, ""max_depth"": 7, ""min_child_weight"": 5, ""n_estimators"": 500}",29.06,593.8940613742224,24.36994175976263,15.67894922533343,0.8550430176119967,177.0,99,32.514964094065654,0.09090909090909091,0.9,0.1651376146788991
93,fold1,42,168,9,2736,744,"{""colsample_bytree"": 0.8, ""learning_rate"": 0.05, ""max_depth"": 7, ""min_child_weight"": 1, ""n_estimators"": 1000}",50.4,204.10530413273656,14.286542763479783,7.549967888862856,0.9315456736571371,177.0,11,23.436857743696734,0.09090909090909091,1.0,0.16666666666666666
93,fold2,42,168,9,3480,720,"{""colsample_bytree"": 0.8, ""learning_rate"": 0.05, ""max_depth"": 7, ""min_child_weight"": 1, ""n_estimators"": 1000}",56.66,188.31615825155288,13.7228334629388,8.21972853872511,0.9404658489372574,177.0,66,23.95005278153853,0.015151515151515152,1.0,0.029850746268656716
93,fold3,42,168,9,4200,744,"{""colsample_bytree"": 0.8, ""learning_rate"": 0.05, ""max_depth"": 7, ""min_child_weight"": 1, ""n_estimators"": 1000}",63.52,759.0152575656061,27.55023153379307,17.670187170787525,0.8147404251381543,177.0,99,29.318115003181227,0.1111111111111111,0.9166666666666666,0.1981981981981982
94,fold1,42,168,9,2736,744,"{""colsample_bytree"": 1.0, ""learning_rate"": 0.05, ""max_depth"": 7, ""min_child_weight"": 1, ""n_estimators"": 1000}",54.7,205.05666073747125,14.319799605353115,7.446809076493786,0.9312266007365892,177.0,11,23.255357915704902,0.0,0.0,0.0
94,fold2,42,168,9,3480,720,"{""colsample_bytree"": 1.0, ""learning_rate"": 0.05, ""max_depth"": 7, ""min_child_weight"": 1, ""n_estimators"": 1000}",61.86,200.38085435491524,14.15559445431082,8.62791896396213,0.9366517235482709,177.0,66,24.326293482924953,0.045454545454545456,1.0,0.08695652173913043
94,fold3,42,168,9,4200,744,"{""colsample_bytree"": 1.0, ""learning_rate"": 0.05, ""max_depth"": 7, ""min_child_weight"": 1, ""n_estimators"": 1000}",66.21,1137.0234986159874,33.719779041624626,20.659355137937812,0.7224766065479007,177.0,99,32.55011063392716,0.1111111111111111,0.9166666666666666,0.1981981981981982
95,fold1,42,168,9,2736,744,"{""colsample_bytree"": 0.8, ""learning_rate"": 0.05, ""max_depth"": 7, ""min_child_weight"": 5, ""n_estimators"": 1000}",43.89,97.50987735192298,9.874708975555835,6.11225603729166,0.9672964257628498,177.0,11,14.180367209694602,0.18181818181818182,1.0,0.3076923076923077
95,fold2,42,168,9,3480,720,"{""colsample_bytree"": 0.8, ""learning_rate"": 0.05, ""max_depth"": 7, ""min_child_weight"": 5, ""n_estimators"": 1000}",49.88,206.70701201470948,14.37730892812384,8.687753020392524,0.9346517760702545,177.0,66,24.674983515883937,0.0,0.0,0.0
95,fold3,42,168,9,4200,744,"{""colsample_bytree"": 0.8, ""learning_rate"": 0.05, ""max_depth"": 7, ""min_child_weight"": 5, ""n_estimators"": 1000}",53.13,439.42173913015716,20.962388679016453,14.146209127159528,0.8927464451275944,177.0,99,27.633502921672783,0.1414141414141414,0.9333333333333333,0.24561403508771928
96,fold1,42,168,9,2736,744,"{""colsample_bytree"": 1.0, ""learning_rate"": 0.05, ""max_depth"": 7, ""min_child_weight"": 5, ""n_estimators"": 1000}",47.35,110.17470721558212,10.496414016967039,6.352240436820574,0.9630488027025498,177.0,11,13.782882690429688,0.2727272727272727,0.75,0.4
96,fold2,42,168,9,3480,720,"{""colsample_bytree"": 1.0, ""learning_rate"": 0.05, ""max_depth"": 7, ""min_child_weight"": 5, ""n_estimators"": 1000}",52.72,199.73484971566376,14.132758036408314,8.242710738711887,0.9368559510459934,177.0,66,24.6756828770493,0.0,0.0,0.0
96,fold3,42,168,9,4200,744,"{""colsample_bytree"": 1.0, ""learning_rate"": 0.05, ""max_depth"": 7, ""min_child_weight"": 5, ""n_estimators"": 1000}",58.39,593.8819334040691,24.36969292798063,15.711512862995107,0.8550459777930631,177.0,99,32.534254825476445,0.09090909090909091,0.9,0.1651376146788991
97,fold1,42,168,9,2736,744,"{""colsample_bytree"": 0.8, ""learning_rate"": 0.1, ""max_depth"": 7, ""min_child_weight"": 1, ""n_estimators"": 200}",11.63,178.38407901388103,13.356050277454074,6.926380941944737,0.9401722458361693,177.0,11,22.226790688254617,0.09090909090909091,1.0,0.16666666666666666
97,fold2,42,168,9,3480,720,"{""colsample_bytree"": 0.8, ""learning_rate"": 0.1, ""max_depth"": 7, ""min_child_weight"": 1, ""n_estimators"": 200}",13.66,218.23209362455972,14.772680651275168,9.000903601116605,0.931008244065663,177.0,66,26.913729349772137,0.06060606060606061,1.0,0.11428571428571428
97,fold3,42,168,9,4200,744,"{""colsample_bytree"": 0.8, ""learning_rate"": 0.1, ""max_depth"": 7, ""min_child_weight"": 1, ""n_estimators"": 200}",14.09,773.8044758284659,27.817341278930055,17.87543846458517,0.8111306896807882,177.0,99,29.51158342457781,0.12121212121212122,0.9230769230769231,0.21428571428571427
98,fold1,42,168,9,2736,744,"{""colsample_bytree"": 1.0, ""learning_rate"": 0.1, ""max_depth"": 7, ""min_child_weight"": 1, ""n_estimators"": 200}",12.96,214.8793126068228,14.658762314971302,7.611952453531245,0.9279322080725964,177.0,11,23.718094565651633,0.09090909090909091,1.0,0.16666666666666666
98,fold2,42,168,9,3480,720,"{""colsample_bytree"": 1.0, ""learning_rate"": 0.1, ""max_depth"": 7, ""min_child_weight"": 1, ""n_estimators"": 200}",14.02,210.17621345866561,14.497455413232545,8.915033144421047,0.9335550249218179,177.0,66,23.80644688461766,0.045454545454545456,1.0,0.08695652173913043
98,fold3,42,168,9,4200,744,"{""colsample_bytree"": 1.0, ""learning_rate"": 0.1, ""max_depth"": 7, ""min_child_weight"": 1, ""n_estimators"": 200}",15.11,992.8371749320312,31.509318858585807,19.54744145947118,0.7576694393142082,177.0,99,32.07955346926294,0.1111111111111111,0.8461538461538461,0.19642857142857142
99,fold1,42,168,9,2736,744,"{""colsample_bytree"": 0.8, ""learning_rate"": 0.1, ""max_depth"": 7, ""min_child_weight"": 5, ""n_estimators"": 200}",9.47,102.5271919402299,10.12557119081338,6.122094046685003,0.9656136821827545,177.0,11,15.1002197265625,0.0,0.0,0.0
99,fold2,42,168,9,3480,720,"{""colsample_bytree"": 0.8, ""learning_rate"": 0.1, ""max_depth"": 7, ""min_child_weight"": 5, ""n_estimators"": 200}",10.36,193.41634988515952,13.907420676932137,8.264740795559353,0.9388534775827055,177.0,66,22.320118990811434,0.06060606060606061,1.0,0.11428571428571428
99,fold3,42,168,9,4200,744,"{""colsample_bytree"": 0.8, ""learning_rate"": 0.1, ""max_depth"": 7, ""min_child_weight"": 5, ""n_estimators"": 200}",10.9,538.8977383175229,23.214171066775634,15.315919637680054,0.8684664571633001,177.0,99,29.977166301072245,0.15151515151515152,0.9375,0.2608695652173913
100,fold1,42,168,9,2736,744,"{""colsample_bytree"": 1.0, ""learning_rate"": 0.1, ""max_depth"": 7, ""min_child_weight"": 5, ""n_estimators"": 200}",10.26,113.31921015089138,10.645149606787655,6.613434563400925,0.9619941763613364,177.0,11,15.43499755859375,0.0,0.0,0.0
100,fold2,42,168,9,3480,720,"{""colsample_bytree"": 1.0, ""learning_rate"": 0.1, ""max_depth"": 7, ""min_child_weight"": 5, ""n_estimators"": 200}",11.7,204.405150138563,14.297032913809879,8.667962000105117,0.935379485226667,177.0,66,25.07866125395804,0.015151515151515152,1.0,0.029850746268656716
100,fold3,42,168,9,4200,744,"{""colsample_bytree"": 1.0, ""learning_rate"": 0.1, ""max_depth"": 7, ""min_child_weight"": 5, ""n_estimators"": 200}",12.04,605.3932505468999,24.604740408037227,15.735600127968738,0.8522363086873055,177.0,99,32.302657079215,0.1414141414141414,0.9333333333333333,0.24561403508771928
101,fold1,42,168,9,2736,744,"{""colsample_bytree"": 0.8, ""learning_rate"": 0.1, ""max_depth"": 7, ""min_child_weight"": 1, ""n_estimators"": 500}",26.39,178.12373773212687,13.346300526068147,6.927260711628904,0.9402595609950646,177.0,11,21.946427085182883,0.09090909090909091,1.0,0.16666666666666666
101,fold2,42,168,9,3480,720,"{""colsample_bytree"": 0.8, ""learning_rate"": 0.1, ""max_depth"": 7, ""min_child_weight"": 1, ""n_estimators"": 500}",29.83,218.59124735204503,14.784831664650262,9.028623567687141,0.9308947014336054,177.0,66,26.817310333251953,0.06060606060606061,1.0,0.11428571428571428
101,fold3,42,168,9,4200,744,"{""colsample_bytree"": 0.8, ""learning_rate"": 0.1, ""max_depth"": 7, ""min_child_weight"": 1, ""n_estimators"": 500}",33.04,772.8463257297249,27.800113771884547,17.840845097777663,0.81136455385964,177.0,99,29.397640035610006,0.13131313131313133,0.9285714285714286,0.23008849557522124
102,fold1,42,168,9,2736,744,"{""colsample_bytree"": 1.0, ""learning_rate"": 0.1, ""max_depth"": 7, ""min_child_weight"": 1, ""n_estimators"": 500}",29.16,215.37681959791638,14.67572211504144,7.625423915924564,0.9277653505474042,177.0,11,23.774255232377485,0.09090909090909091,1.0,0.16666666666666666
102,fold2,42,168,9,3480,720,"{""colsample_bytree"": 1.0, ""learning_rate"": 0.1, ""max_depth"": 7, ""min_child_weight"": 1, ""n_estimators"": 500}",32.02,210.70616205472786,14.515721203396263,8.922911151250203,0.933387487308124,177.0,66,23.79656913063743,0.045454545454545456,1.0,0.08695652173913043
102,fold3,42,168,9,4200,744,"{""colsample_bytree"": 1.0, ""learning_rate"": 0.1, ""max_depth"": 7, ""min_child_weight"": 1, ""n_estimators"": 500}",35.05,992.3209246496447,31.501125767972876,19.542579002277826,0.7577954450919365,177.0,99,32.022112913806026,0.12121212121212122,0.8571428571428571,0.21238938053097345
103,fold1,42,168,9,2736,744,"{""colsample_bytree"": 0.8, ""learning_rate"": 0.1, ""max_depth"": 7, ""min_child_weight"": 5, ""n_estimators"": 500}",22.13,103.19492548916752,10.158490315453744,6.138100511284285,0.9653897328323773,177.0,11,15.22144941850142,0.0,0.0,0.0
103,fold2,42,168,9,3480,720,"{""colsample_bytree"": 0.8, ""learning_rate"": 0.1, ""max_depth"": 7, ""min_child_weight"": 5, ""n_estimators"": 500}",25.1,193.6474112952495,13.91572532408029,8.26914678812027,0.938780429974785,177.0,66,22.318024028431285,0.06060606060606061,1.0,0.11428571428571428
103,fold3,42,168,9,4200,744,"{""colsample_bytree"": 0.8, ""learning_rate"": 0.1, ""max_depth"": 7, ""min_child_weight"": 5, ""n_estimators"": 500}",27.0,539.5007877443867,23.227156256080654,15.32774426860194,0.8683192655497879,177.0,99,30.11281184957485,0.15151515151515152,0.9375,0.2608695652173913
104,fold1,42,168,9,2736,744,"{""colsample_bytree"": 1.0, ""learning_rate"": 0.1, ""max_depth"": 7, ""min_child_weight"": 5, ""n_estimators"": 500}",24.9,113.8091986129909,10.668139416645758,6.638586754439979,0.9618298404552642,177.0,11,15.410847056995738,0.0,0.0,0.0
104,fold2,42,168,9,3480,720,"{""colsample_bytree"": 1.0, ""learning_rate"": 0.1, ""max_depth"": 7, ""min_child_weight"": 5, ""n_estimators"": 500}",27.25,204.84097848300655,14.312266713662325,8.692250712712605,0.9352417027297404,177.0,66,25.05632955377752,0.015151515151515152,1.0,0.029850746268656716
104,fold3,42,168,9,4200,744,"{""colsample_bytree"": 1.0, ""learning_rate"": 0.1, ""max_depth"": 7, ""min_child_weight"": 5, ""n_estimators"": 500}",29.83,607.1846476825584,24.641117013693968,15.817945070164178,0.851799066525896,177.0,99,32.236146637887664,0.1414141414141414,0.9333333333333333,0.24561403508771928
105,fold1,42,168,9,2736,744,"{""colsample_bytree"": 0.8, ""learning_rate"": 0.1, ""max_depth"": 7, ""min_child_weight"": 1, ""n_estimators"": 1000}",49.2,178.19423321178965,13.34894127681254,6.929860256051504,0.9402359177066599,177.0,11,21.961327986283735,0.09090909090909091,1.0,0.16666666666666666
105,fold2,42,168,9,3480,720,"{""colsample_bytree"": 0.8, ""learning_rate"": 0.1, ""max_depth"": 7, ""min_child_weight"": 1, ""n_estimators"": 1000}",55.73,218.72588013930192,14.789384035155146,9.031766866313086,0.9308521387094666,177.0,66,26.829999287923176,0.06060606060606061,1.0,0.11428571428571428
105,fold3,42,168,9,4200,744,"{""colsample_bytree"": 0.8, ""learning_rate"": 0.1, ""max_depth"": 7, ""min_child_weight"": 1, ""n_estimators"": 1000}",62.59,772.9189109670601,27.801419225770832,17.840100057663456,0.8113468373380339,177.0,99,29.40885640153981,0.13131313131313133,0.9285714285714286,0.23008849557522124
106,fold1,42,168,9,2736,744,"{""colsample_bytree"": 1.0, ""learning_rate"": 0.1, ""max_depth"": 7, ""min_child_weight"": 1, ""n_estimators"": 1000}",53.73,215.40305922448545,14.676616068579483,7.62662931155133,0.9277565501099638,177.0,11,23.773763830011543,0.09090909090909091,1.0,0.16666666666666666
106,fold2,42,168,9,3480,720,"{""colsample_bytree"": 1.0, ""learning_rate"": 0.1, ""max_depth"": 7, ""min_child_weight"": 1, ""n_estimators"": 1000}",61.64,210.70358538466675,14.515632448662606,8.923146216074626,0.9333883018949661,177.0,66,23.797229304458156,0.045454545454545456,1.0,0.08695652173913043
106,fold3,42,168,9,4200,744,"{""colsample_bytree"": 1.0, ""learning_rate"": 0.1, ""max_depth"": 7, ""min_child_weight"": 1, ""n_estimators"": 1000}",66.65,992.7769176116475,31.508362661548244,19.549520877099805,0.7576841468519623,177.0,99,32.01170850040937,0.12121212121212122,0.8571428571428571,0.21238938053097345
107,fold1,42,168,9,2736,744,"{""colsample_bytree"": 0.8, ""learning_rate"": 0.1, ""max_depth"": 7, ""min_child_weight"": 5, ""n_estimators"": 1000}",43.5,103.21298208093603,10.159379020438998,6.138588110605876,0.9653836768808634,177.0,11,15.216744162819602,0.0,0.0,0.0
107,fold2,42,168,9,3480,720,"{""colsample_bytree"": 0.8, ""learning_rate"": 0.1, ""max_depth"": 7, ""min_child_weight"": 5, ""n_estimators"": 1000}",49.89,193.70737131628132,13.917879555315936,8.2693015827073,0.9387614742516915,177.0,66,22.323701685125176,0.06060606060606061,1.0,0.11428571428571428
107,fold3,42,168,9,4200,744,"{""colsample_bytree"": 0.8, ""learning_rate"": 0.1, ""max_depth"": 7, ""min_child_weight"": 5, ""n_estimators"": 1000}",55.32,539.5608926113756,23.2284500690721,15.3309664264802,0.8683045952226838,177.0,99,30.1321274728486,0.15151515151515152,0.9375,0.2608695652173913
108,fold1,42,168,9,2736,744,"{""colsample_bytree"": 1.0, ""learning_rate"": 0.1, ""max_depth"": 7, ""min_child_weight"": 5, ""n_estimators"": 1000}",46.91,113.81859583637305,10.66857984158965,6.638953767796998,0.9618266887459108,177.0,11,15.401917891068893,0.0,0.0,0.0
108,fold2,42,168,9,3480,720,"{""colsample_bytree"": 1.0, ""learning_rate"": 0.1, ""max_depth"": 7, ""min_child_weight"": 5, ""n_estimators"": 1000}",54.02,204.83874980643955,14.312188854484821,8.6925950050354,0.9352424073021395,177.0,66,25.050511909253668,0.015151515151515152,1.0,0.029850746268656716
108,fold3,42,168,9,4200,744,"{""colsample_bytree"": 1.0, ""learning_rate"": 0.1, ""max_depth"": 7, ""min_child_weight"": 5, ""n_estimators"": 1000}",59.66,607.1836358234812,24.641096481761544,15.819596346988472,0.8517993134993008,177.0,99,32.22939254298355,0.1414141414141414,0.9333333333333333,0.24561403508771928
