model,stage,config_id,seed,fold,feature_set,lookback,filters,kernel_size,dilations,dropout,learning_rate,batch_size,mse,rmse,mae,r2,peak_threshold,n_peak,peak_mae,peak_recall,peak_precision,peak_f1,best_epoch,epochs_run,train_seconds,n_train,n_eval
tcn,1,"{""batch_size"": 32, ""dilations"": ""auto+1"", ""dropout"": 0.3, ""feature_set"": ""F1"", ""filters"": 128, ""kernel_size"": 2, ""learning_rate"": 0.001, ""lookback"": 24}",42,fold1,F1,24,128,2,auto+1,0.3,0.001,32,95.3641815585697,9.765458594380998,6.816735816258256,0.9680160648760754,177.0,11,11.50499101118608,0.09090909090909091,1.0,0.16666666666666666,13,23,105.1,2880,744
tcn,1,"{""batch_size"": 32, ""dilations"": ""auto+1"", ""dropout"": 0.3, ""feature_set"": ""F1"", ""filters"": 128, ""kernel_size"": 2, ""learning_rate"": 0.001, ""lookback"": 24}",42,fold2,F1,24,128,2,auto+1,0.3,0.001,32,145.91956695831806,12.07971717211616,8.427861187193129,0.953869082344123,177.0,66,15.499813889012191,0.21212121212121213,0.8235294117647058,0.3373493975903614,10,20,123.6,3624,720
tcn,1,"{""batch_size"": 32, ""dilations"": ""auto+1"", ""dropout"": 0.3, ""feature_set"": ""F1"", ""filters"": 128, ""kernel_size"": 2, ""learning_rate"": 0.001, ""lookback"": 24}",42,fold3,F1,24,128,2,auto+1,0.3,0.001,32,201.6452411900176,14.20018454774506,9.365190106053506,0.9507826593951196,177.0,99,17.271294179588857,0.16161616161616163,1.0,0.2782608695652174,20,30,202.9,4344,744
tcn,1,"{""batch_size"": 32, ""dilations"": ""auto+1"", ""dropout"": 0.3, ""feature_set"": ""F2"", ""filters"": 128, ""kernel_size"": 2, ""learning_rate"": 0.001, ""lookback"": 24}",42,fold1,F2,24,128,2,auto+1,0.3,0.001,32,93.22422722374827,9.655269401924954,6.9628155564749115,0.9687337783770407,177.0,11,12.660666725852273,0.2727272727272727,0.75,0.4,24,34,163.9,2880,744
tcn,1,"{""batch_size"": 32, ""dilations"": ""auto+1"", ""dropout"": 0.3, ""feature_set"": ""F2"", ""filters"": 128, ""kernel_size"": 2, ""learning_rate"": 0.001, ""lookback"": 24}",42,fold2,F2,24,128,2,auto+1,0.3,0.001,32,156.83641585207434,12.523434666738767,8.447025532192654,0.9504178367855107,177.0,66,18.675365101207387,0.045454545454545456,0.6,0.08450704225352113,15,25,159.9,3624,720
tcn,1,"{""batch_size"": 32, ""dilations"": ""auto+1"", ""dropout"": 0.3, ""feature_set"": ""F2"", ""filters"": 128, ""kernel_size"": 2, ""learning_rate"": 0.001, ""lookback"": 24}",42,fold3,F2,24,128,2,auto+1,0.3,0.001,32,139.46392014836147,11.809484330332188,8.158204032528785,0.9659598053515902,177.0,99,13.876895634814947,0.46464646464646464,0.9387755102040817,0.6216216216216216,15,25,185.7,4344,744
tcn,2,"{""batch_size"": 32, ""dilations"": ""auto+1"", ""dropout"": 0.3, ""feature_set"": ""F2"", ""filters"": 128, ""kernel_size"": 2, ""learning_rate"": 0.001, ""lookback"": 48}",42,fold1,F2,48,128,2,auto+1,0.3,0.001,32,108.2332035992003,10.403518808518601,7.495747971278365,0.9636999583533858,177.0,11,9.334937355735086,0.45454545454545453,0.23809523809523808,0.3125,18,28,342.4,2856,744
tcn,2,"{""batch_size"": 32, ""dilations"": ""auto+1"", ""dropout"": 0.3, ""feature_set"": ""F2"", ""filters"": 128, ""kernel_size"": 2, ""learning_rate"": 0.001, ""lookback"": 48}",42,fold2,F2,48,128,2,auto+1,0.3,0.001,32,147.73189642679296,12.154501076835402,8.337454398473104,0.9532961336764545,177.0,66,20.44365460944898,0.0,0.0,0.0,23,33,516.0,3600,720
tcn,2,"{""batch_size"": 32, ""dilations"": ""auto+1"", ""dropout"": 0.3, ""feature_set"": ""F2"", ""filters"": 128, ""kernel_size"": 2, ""learning_rate"": 0.001, ""lookback"": 48}",42,fold3,F2,48,128,2,auto+1,0.3,0.001,32,292.1482491310191,17.092344752286596,8.544971845483268,0.9286927883854637,177.0,99,11.457798967457782,0.5555555555555556,0.859375,0.6748466257668712,28,38,892.3,4320,744
tcn,3,"{""batch_size"": 32, ""dilations"": ""auto+1"", ""dropout"": 0.2, ""feature_set"": ""F2"", ""filters"": 128, ""kernel_size"": 2, ""learning_rate"": 0.001, ""lookback"": 24}",42,fold1,F2,24,128,2,auto+1,0.2,0.001,32,134.50722045237336,11.59772479637163,7.829108089529058,0.9548879868485429,177.0,11,12.321649724786932,0.09090909090909091,0.25,0.13333333333333333,11,21,47.6,2880,744
tcn,3,"{""batch_size"": 32, ""dilations"": ""auto+1"", ""dropout"": 0.2, ""feature_set"": ""F2"", ""filters"": 128, ""kernel_size"": 2, ""learning_rate"": 0.001, ""lookback"": 24}",42,fold2,F2,24,128,2,auto+1,0.2,0.001,32,159.18582624429095,12.616886551138158,8.444286584854126,0.9496750957014849,177.0,66,19.9273708227909,0.10606060606060606,0.7777777777777778,0.18666666666666668,16,26,85.9,3624,720
tcn,3,"{""batch_size"": 32, ""dilations"": ""auto+1"", ""dropout"": 0.2, ""feature_set"": ""F2"", ""filters"": 128, ""kernel_size"": 2, ""learning_rate"": 0.001, ""lookback"": 24}",42,fold3,F2,24,128,2,auto+1,0.2,0.001,32,235.20805513463327,15.336494225690345,10.301261189163371,0.9425906860273289,177.0,99,14.96797919995857,0.3838383838383838,0.95,0.5467625899280576,7,17,68.9,4344,744
