model,stage,config_id,seed,fold,feature_set,lookback,filters,kernel_size,dilations,lstm_units,dropout,learning_rate,batch_size,mse,rmse,mae,r2,peak_threshold,n_peak,peak_mae,peak_recall,peak_precision,peak_f1,best_epoch,epochs_run,train_seconds,n_train,n_eval
tcn_lstm,1,"{""batch_size"": 32, ""dilations"": ""auto"", ""dropout"": 0.2, ""feature_set"": ""F1"", ""filters"": 64, ""kernel_size"": 3, ""learning_rate"": 0.001, ""lookback"": 48, ""lstm_units"": 64}",42,fold1,F1,48,64,3,auto,64,0.2,0.001,32,184.1005326346849,13.568365142296432,7.6803746684905025,0.9382550199054416,177.0,11,12.340043501420455,0.09090909090909091,0.3333333333333333,0.14285714285714285,19,29,104.1,2856,744
tcn_lstm,1,"{""batch_size"": 32, ""dilations"": ""auto"", ""dropout"": 0.2, ""feature_set"": ""F1"", ""filters"": 64, ""kernel_size"": 3, ""learning_rate"": 0.001, ""lookback"": 48, ""lstm_units"": 64}",42,fold2,F1,48,64,3,auto,64,0.2,0.001,32,195.42616632529905,13.979490917959032,9.236619006262885,0.9382180979941417,177.0,66,23.193130493164062,0.0,0.0,0.0,8,18,77.5,3600,720
tcn_lstm,1,"{""batch_size"": 32, ""dilations"": ""auto"", ""dropout"": 0.2, ""feature_set"": ""F1"", ""filters"": 64, ""kernel_size"": 3, ""learning_rate"": 0.001, ""lookback"": 48, ""lstm_units"": 64}",42,fold3,F1,48,64,3,auto,64,0.2,0.001,32,355.01502421579744,18.841842378488295,10.968861200476205,0.9133483375875288,177.0,99,20.07720700658933,0.04040404040404041,0.8,0.07692307692307693,24,34,175.6,4320,744
tcn_lstm,1,"{""batch_size"": 32, ""dilations"": ""auto"", ""dropout"": 0.2, ""feature_set"": ""F2"", ""filters"": 64, ""kernel_size"": 3, ""learning_rate"": 0.001, ""lookback"": 48, ""lstm_units"": 64}",42,fold1,F2,48,64,3,auto,64,0.2,0.001,32,125.85573678412639,11.21854432554092,8.76253883300289,0.9577895845747391,177.0,11,15.801003196022727,0.0,0.0,0.0,36,46,189.5,2856,744
tcn_lstm,1,"{""batch_size"": 32, ""dilations"": ""auto"", ""dropout"": 0.2, ""feature_set"": ""F2"", ""filters"": 64, ""kernel_size"": 3, ""learning_rate"": 0.001, ""lookback"": 48, ""lstm_units"": 64}",42,fold2,F2,48,64,3,auto,64,0.2,0.001,32,175.28870752610834,13.239664177240613,8.749491463767157,0.9445843412131161,177.0,66,24.14449506817442,0.0,0.0,0.0,7,17,87.8,3600,720
tcn_lstm,1,"{""batch_size"": 32, ""dilations"": ""auto"", ""dropout"": 0.2, ""feature_set"": ""F2"", ""filters"": 64, ""kernel_size"": 3, ""learning_rate"": 0.001, ""lookback"": 48, ""lstm_units"": 64}",42,fold3,F2,48,64,3,auto,64,0.2,0.001,32,216.08650158248474,14.699881005725343,9.591792855211484,0.94725785302079,177.0,99,16.772586552783697,0.1414141414141414,0.875,0.24347826086956523,13,23,126.2,4320,744
tcn_lstm,2,"{""batch_size"": 32, ""dilations"": ""auto"", ""dropout"": 0.2, ""feature_set"": ""F2"", ""filters"": 64, ""kernel_size"": 3, ""learning_rate"": 0.001, ""lookback"": 24, ""lstm_units"": 64}",42,fold1,F2,24,64,3,auto,64,0.2,0.001,32,169.57822148752206,13.022220297918556,9.428606751144573,0.9431256185934306,177.0,11,13.619970148259943,0.0,0.0,0.0,12,22,32.2,2880,744
tcn_lstm,2,"{""batch_size"": 32, ""dilations"": ""auto"", ""dropout"": 0.2, ""feature_set"": ""F2"", ""filters"": 64, ""kernel_size"": 3, ""learning_rate"": 0.001, ""lookback"": 24, ""lstm_units"": 64}",42,fold2,F2,24,64,3,auto,64,0.2,0.001,32,160.85683273688124,12.682934705220289,8.480223321914673,0.9491468247881389,177.0,66,18.680555748217035,0.10606060606060606,0.7777777777777778,0.18666666666666668,4,14,30.8,3624,720
tcn_lstm,2,"{""batch_size"": 32, ""dilations"": ""auto"", ""dropout"": 0.2, ""feature_set"": ""F2"", ""filters"": 64, ""kernel_size"": 3, ""learning_rate"": 0.001, ""lookback"": 24, ""lstm_units"": 64}",42,fold3,F2,24,64,3,auto,64,0.2,0.001,32,420.0254572428829,20.494522615637646,12.414452019558158,0.8974806652026909,177.0,99,24.343894264914773,0.010101010101010102,1.0,0.02,9,19,54.1,4344,744
tcn_lstm,3,"{""batch_size"": 32, ""dilations"": ""auto"", ""dropout"": 0.3, ""feature_set"": ""F2"", ""filters"": 64, ""kernel_size"": 3, ""learning_rate"": 0.001, ""lookback"": 48, ""lstm_units"": 64}",42,fold1,F2,48,64,3,auto,64,0.3,0.001,32,107.24193784752369,10.355768336899184,6.95333852050125,0.964032416294869,177.0,11,17.403063687411223,0.0,0.0,0.0,13,23,76.9,2856,744
tcn_lstm,3,"{""batch_size"": 32, ""dilations"": ""auto"", ""dropout"": 0.3, ""feature_set"": ""F2"", ""filters"": 64, ""kernel_size"": 3, ""learning_rate"": 0.001, ""lookback"": 48, ""lstm_units"": 64}",42,fold2,F2,48,64,3,auto,64,0.3,0.001,32,184.54478976850822,13.584726341318335,9.063623491923014,0.9416581293510555,177.0,66,24.97742762710109,0.030303030303030304,0.5,0.05714285714285714,8,18,92.9,3600,720
tcn_lstm,3,"{""batch_size"": 32, ""dilations"": ""auto"", ""dropout"": 0.3, ""feature_set"": ""F2"", ""filters"": 64, ""kernel_size"": 3, ""learning_rate"": 0.001, ""lookback"": 48, ""lstm_units"": 64}",42,fold3,F2,48,64,3,auto,64,0.3,0.001,32,215.52155499421684,14.680652403562208,10.507796595173497,0.9473957445400455,177.0,99,18.94835531831992,0.04040404040404041,0.6666666666666666,0.0761904761904762,12,22,116.3,4320,744
