condition,value,hours,peaks,FN,FP,miss_rate,false_alarm_rate,FN_share,FP_share,hour_share,mean_resid_on_peaks,FN_lift,FP_lift,kind
월요일기동시간여부,1,18,7,6,0,0.8571428571428571,0.0,0.10526315789473684,0.0,0.006183442116111302,29.430935714285713,17.023391812865498,0.0,FN
시간대,08시,121,36,14,16,0.3888888888888889,0.18823529411764706,0.24561403508771928,0.1,0.0415664720027482,16.87934388888889,5.908945918515296,2.4057851239669423,FN
시간대,10시,121,21,11,17,0.5238095238095238,0.17,0.19298245614035087,0.10625,0.0415664720027482,11.920063809523809,4.64274322169059,2.556146694214876,FN
시간대,16시,122,11,7,19,0.6363636363636364,0.17117117117117117,0.12280701754385964,0.11875,0.04190999656475438,15.029159090909088,2.930255967788323,2.8334528688524587,FN
조업시간대명,오전 07-11,606,132,32,73,0.24242424242424243,0.1540084388185654,0.5614035087719298,0.45625,0.20817588457574718,11.172148787878788,2.6967749406519594,2.1916563531353135,FN
기온 구간,28℃ 이상,346,85,17,23,0.2,0.08812260536398467,0.2982456140350877,0.14375,0.11885949845413947,10.874846,2.5092282729946254,1.20941112716763,FN
직전 생산량 구간,1001~2000,389,81,19,40,0.2345679012345679,0.12987012987012986,0.3333333333333333,0.25,0.13363105462040537,9.15778172839506,2.4944301628106254,1.8708226221079691,FN
설비 상태,기동 직후,107,19,5,9,0.2631578947368421,0.10227272727272728,0.08771929824561403,0.05625,0.03675712813466163,10.603302105263158,2.3864567961960974,1.5303154205607477,FN
불쾌지수 구간,80 이상(혹서),262,59,12,17,0.2033898305084746,0.08374384236453201,0.21052631578947367,0.10625,0.09000343524562006,11.79624694915254,2.339092004821213,1.180510496183206,FN
요일명,월,432,51,19,24,0.37254901960784315,0.06299212598425197,0.3333333333333333,0.15,0.14840261078667125,12.365441764705883,2.246141975308642,1.0107638888888888,FN
시간대,13시,122,28,2,33,0.07142857142857142,0.35106382978723405,0.03508771929824561,0.20625,0.04190999656475438,2.8083542857142865,0.8372159907966638,4.921260245901639,FP
시간대,09시,121,38,4,21,0.10526315789473684,0.25301204819277107,0.07017543859649122,0.13125,0.0415664720027482,7.000603421052631,1.6882702624329418,3.1575929752066116,FP
시간대,11시,122,37,3,19,0.08108108108108109,0.2235294117647059,0.05263157894736842,0.11875,0.04190999656475438,9.47899972972973,1.2558239861949956,2.8334528688524587,FP
시간대,16시,122,11,7,19,0.6363636363636364,0.17117117117117117,0.12280701754385964,0.11875,0.04190999656475438,15.029159090909088,2.930255967788323,2.8334528688524587,FP
직전 생산량 구간,501~1000,326,64,11,48,0.171875,0.183206106870229,0.19298245614035087,0.3,0.1119890072140158,8.86778625,1.723226778602949,2.678834355828221,FP
시간대,10시,121,21,11,17,0.5238095238095238,0.17,0.19298245614035087,0.10625,0.0415664720027482,11.920063809523809,4.64274322169059,2.556146694214876,FP
시간대,14시,122,39,3,17,0.07692307692307693,0.20481927710843373,0.05263157894736842,0.10625,0.04190999656475438,6.134237692307691,1.2558239861949956,2.5351946721311474,FP
시간대,08시,121,36,14,16,0.3888888888888889,0.18823529411764706,0.24561403508771928,0.1,0.0415664720027482,16.87934388888889,5.908945918515296,2.4057851239669423,FP
조업시간대명,오후 13-17,610,84,17,78,0.20238095238095238,0.1482889733840304,0.2982456140350877,0.4875,0.2095499828237719,6.972789047619047,1.4232671843543283,2.3264139344262293,FP
조업시간대명,오전 07-11,606,132,32,73,0.24242424242424243,0.1540084388185654,0.5614035087719298,0.45625,0.20817588457574718,11.172148787878788,2.6967749406519594,2.1916563531353135,FP
