model,stage,config_id,seed,fold,lookback,hidden_units,num_layers,dropout,learning_rate,batch_size,mse,rmse,mae,r2,peak_threshold,n_peak,peak_mae,peak_recall,peak_precision,peak_f1,best_epoch,epochs_run,train_seconds,n_train,n_eval
lstm,1,"{""batch_size"": 32, ""dropout"": 0.2, ""hidden_units"": 64, ""learning_rate"": 0.001, ""lookback"": 24, ""num_layers"": 1}",42,fold1,24,64,1,0.2,0.001,32,132.44291832930253,11.508384696789664,8.058679811416134,0.9555803275454414,172.25,24,23.961666742960613,0.0,0.0,0.0,43,53,38.1,2880,744
lstm,1,"{""batch_size"": 32, ""dropout"": 0.2, ""hidden_units"": 64, ""learning_rate"": 0.001, ""lookback"": 24, ""num_layers"": 1}",42,fold2,24,64,1,0.2,0.001,32,276.5676980232696,16.630324651770017,11.119510322146946,0.9125660623921688,171.25,94,28.00719411322411,0.031914893617021274,0.42857142857142855,0.0594059405940594,30,40,34.4,3624,720
lstm,1,"{""batch_size"": 32, ""dropout"": 0.2, ""hidden_units"": 64, ""learning_rate"": 0.001, ""lookback"": 24, ""num_layers"": 1}",42,fold3,24,64,1,0.2,0.001,32,269.0798885303978,16.40365473089451,8.984367850006267,0.9343232895236858,172.4124999999999,109,15.00732141897219,0.6697247706422018,0.9358974358974359,0.7807486631016043,19,29,28.5,4344,744
lstm,1,"{""batch_size"": 32, ""dropout"": 0.2, ""hidden_units"": 64, ""learning_rate"": 0.001, ""lookback"": 48, ""num_layers"": 1}",42,fold1,48,64,1,0.2,0.001,32,128.10354397347882,11.318283614288822,7.812410913487916,0.9570356985835828,172.25,24,22.84953784942627,0.041666666666666664,0.09090909090909091,0.05714285714285714,33,43,31.6,2856,744
lstm,1,"{""batch_size"": 32, ""dropout"": 0.2, ""hidden_units"": 64, ""learning_rate"": 0.001, ""lookback"": 48, ""num_layers"": 1}",42,fold2,48,64,1,0.2,0.001,32,251.99149352274333,15.874239935277005,10.554341030120849,0.920335568181509,171.25,94,27.41643418657019,0.0425531914893617,1.0,0.08163265306122448,34,44,40.0,3600,720
lstm,1,"{""batch_size"": 32, ""dropout"": 0.2, ""hidden_units"": 64, ""learning_rate"": 0.001, ""lookback"": 48, ""num_layers"": 1}",42,fold3,48,64,1,0.2,0.001,32,156.13228325219177,12.495290442890544,7.552056945780272,0.9618914114348547,172.4124999999999,109,14.43622414125215,0.6146788990825688,0.9054054054054054,0.73224043715847,35,45,43.7,4320,744
lstm,1,"{""batch_size"": 32, ""dropout"": 0.2, ""hidden_units"": 64, ""learning_rate"": 0.001, ""lookback"": 72, ""num_layers"": 1}",42,fold1,72,64,1,0.2,0.001,32,160.54582644576166,12.670667955785191,8.26959010606171,0.9461549691397177,172.25,24,21.41035811106364,0.041666666666666664,0.1,0.058823529411764705,50,60,46.8,2832,744
lstm,1,"{""batch_size"": 32, ""dropout"": 0.2, ""hidden_units"": 64, ""learning_rate"": 0.001, ""lookback"": 72, ""num_layers"": 1}",42,fold2,72,64,1,0.2,0.001,32,312.5611702069558,17.679399599730637,11.943069465955098,0.9011871087989228,171.25,94,30.853251923906043,0.0,0.0,0.0,31,41,39.4,3576,720
lstm,1,"{""batch_size"": 32, ""dropout"": 0.2, ""hidden_units"": 64, ""learning_rate"": 0.001, ""lookback"": 72, ""num_layers"": 1}",42,fold3,72,64,1,0.2,0.001,32,241.7708732517856,15.548983029503427,9.706196674736598,0.9409888426411721,172.4124999999999,109,23.300958335946458,0.09174311926605505,0.9090909090909091,0.16666666666666666,21,31,36.6,4296,744
lstm,1,"{""batch_size"": 32, ""dropout"": 0.2, ""hidden_units"": 64, ""learning_rate"": 0.001, ""lookback"": 168, ""num_layers"": 1}",42,fold1,168,64,1,0.2,0.001,32,99.84057801629609,9.992025721358813,6.973844984526275,0.9665147383559543,172.25,24,18.535847981770832,0.0,0.0,0.0,56,66,65.7,2736,744
lstm,1,"{""batch_size"": 32, ""dropout"": 0.2, ""hidden_units"": 64, ""learning_rate"": 0.001, ""lookback"": 168, ""num_layers"": 1}",42,fold2,168,64,1,0.2,0.001,32,249.7248517251446,15.802684953043409,10.64561156961653,0.9210521428897162,171.25,94,27.893987615057764,0.05319148936170213,0.7142857142857143,0.09900990099009901,36,46,61.0,3480,720
lstm,1,"{""batch_size"": 32, ""dropout"": 0.2, ""hidden_units"": 64, ""learning_rate"": 0.001, ""lookback"": 168, ""num_layers"": 1}",42,fold3,168,64,1,0.2,0.001,32,166.8780163391664,12.918127431604258,7.620448602143155,0.9592686052315986,172.4124999999999,109,16.104624197023725,0.5045871559633027,0.9166666666666666,0.650887573964497,36,46,66.1,4200,744
lstm,2,"{""batch_size"": 32, ""dropout"": 0.2, ""hidden_units"": 32, ""learning_rate"": 0.001, ""lookback"": 168, ""num_layers"": 1}",42,fold1,168,32,1,0.2,0.001,32,121.58146567583036,11.026398581396846,8.20411955412998,0.9592231207980663,172.25,24,21.446876525878906,0.041666666666666664,0.16666666666666666,0.06666666666666667,50,60,61.3,2736,744
lstm,2,"{""batch_size"": 32, ""dropout"": 0.2, ""hidden_units"": 32, ""learning_rate"": 0.001, ""lookback"": 168, ""num_layers"": 1}",42,fold2,168,32,1,0.2,0.001,32,264.07331733725545,16.250332837737677,11.144561229811774,0.916516028021407,171.25,94,27.464022291467543,0.02127659574468085,1.0,0.041666666666666664,72,82,99.3,3480,720
lstm,2,"{""batch_size"": 32, ""dropout"": 0.2, ""hidden_units"": 32, ""learning_rate"": 0.001, ""lookback"": 168, ""num_layers"": 1}",42,fold3,168,32,1,0.2,0.001,32,240.93247132508688,15.521999591711335,9.906570398679344,0.9411934788215396,172.4124999999999,109,19.86534440626792,0.1926605504587156,0.84,0.31343283582089554,38,48,67.9,4200,744
lstm,2,"{""batch_size"": 32, ""dropout"": 0.2, ""hidden_units"": 32, ""learning_rate"": 0.001, ""lookback"": 168, ""num_layers"": 2}",42,fold1,168,32,2,0.2,0.001,32,155.52054204086733,12.470787546938137,9.132293649899061,0.9478403856955611,172.25,24,23.95065720876058,0.041666666666666664,0.125,0.0625,58,68,103.6,2736,744
lstm,2,"{""batch_size"": 32, ""dropout"": 0.2, ""hidden_units"": 32, ""learning_rate"": 0.001, ""lookback"": 168, ""num_layers"": 2}",42,fold2,168,32,2,0.2,0.001,32,227.44006158586836,15.081116059027872,10.412351817554898,0.9280972423882019,171.25,94,26.078787052885016,0.031914893617021274,1.0,0.061855670103092786,40,50,92.3,3480,720
lstm,2,"{""batch_size"": 32, ""dropout"": 0.2, ""hidden_units"": 32, ""learning_rate"": 0.001, ""lookback"": 168, ""num_layers"": 2}",42,fold3,168,32,2,0.2,0.001,32,234.76110906160847,15.321915972279983,11.452010644379483,0.9426997778423865,172.4124999999999,109,19.255976825679113,0.25688073394495414,0.8235294117647058,0.3916083916083916,27,37,84.1,4200,744
lstm,2,"{""batch_size"": 32, ""dropout"": 0.2, ""hidden_units"": 64, ""learning_rate"": 0.001, ""lookback"": 168, ""num_layers"": 2}",42,fold1,168,64,2,0.2,0.001,32,141.8116631458481,11.908470226937132,8.134364020439886,0.9524381695402352,172.25,24,19.495502471923828,0.08333333333333333,0.15384615384615385,0.10810810810810811,30,40,61.5,2736,744
lstm,2,"{""batch_size"": 32, ""dropout"": 0.2, ""hidden_units"": 64, ""learning_rate"": 0.001, ""lookback"": 168, ""num_layers"": 2}",42,fold2,168,64,2,0.2,0.001,32,309.9490391344729,17.605369610845234,11.565347870190939,0.9020129062685742,171.25,94,27.723312702584774,0.0851063829787234,0.6153846153846154,0.14953271028037382,41,51,94.5,3480,720
lstm,2,"{""batch_size"": 32, ""dropout"": 0.2, ""hidden_units"": 64, ""learning_rate"": 0.001, ""lookback"": 168, ""num_layers"": 2}",42,fold3,168,64,2,0.2,0.001,32,156.31933092807088,12.502772929557302,8.498267194276215,0.9618457570527266,172.4124999999999,109,17.4020525731078,0.47706422018348627,0.9122807017543859,0.6265060240963856,40,50,117.4,4200,744
lstm,2,"{""batch_size"": 32, ""dropout"": 0.2, ""hidden_units"": 128, ""learning_rate"": 0.001, ""lookback"": 168, ""num_layers"": 1}",42,fold1,168,128,1,0.2,0.001,32,105.21721174313215,10.257544138005557,7.230774956364786,0.9647114837005384,172.25,24,17.806390126546223,0.0,0.0,0.0,45,55,57.3,2736,744
lstm,2,"{""batch_size"": 32, ""dropout"": 0.2, ""hidden_units"": 128, ""learning_rate"": 0.001, ""lookback"": 168, ""num_layers"": 1}",42,fold2,168,128,1,0.2,0.001,32,250.88254429152624,15.839272214705012,10.63093885117107,0.9206861506919956,171.25,94,27.55644599427568,0.05319148936170213,0.7142857142857143,0.09900990099009901,40,50,64.6,3480,720
lstm,2,"{""batch_size"": 32, ""dropout"": 0.2, ""hidden_units"": 128, ""learning_rate"": 0.001, ""lookback"": 168, ""num_layers"": 1}",42,fold3,168,128,1,0.2,0.001,32,201.8405331882114,14.207059273058988,8.930752146628596,0.9507349942316871,172.4124999999999,109,16.59959159641091,0.4036697247706422,0.8461538461538461,0.546583850931677,23,33,49.4,4200,744
lstm,2,"{""batch_size"": 32, ""dropout"": 0.2, ""hidden_units"": 128, ""learning_rate"": 0.001, ""lookback"": 168, ""num_layers"": 2}",42,fold1,168,128,2,0.2,0.001,32,122.92073400716961,11.086962343544313,7.947267686167071,0.9587739472117599,172.25,24,21.567206700642902,0.0,0.0,0.0,24,34,54.5,2736,744
lstm,2,"{""batch_size"": 32, ""dropout"": 0.2, ""hidden_units"": 128, ""learning_rate"": 0.001, ""lookback"": 168, ""num_layers"": 2}",42,fold2,168,128,2,0.2,0.001,32,215.6079461860532,14.683594457286445,9.720644145541721,0.9318378398875854,171.25,94,21.930318142505403,0.20212765957446807,0.7037037037037037,0.3140495867768595,23,33,65.0,3480,720
lstm,2,"{""batch_size"": 32, ""dropout"": 0.2, ""hidden_units"": 128, ""learning_rate"": 0.001, ""lookback"": 168, ""num_layers"": 2}",42,fold3,168,128,2,0.2,0.001,32,125.83953391835274,11.217822155764138,7.112285214085733,0.9692852309372935,172.4124999999999,109,11.647840727359876,0.6697247706422018,0.8588235294117647,0.7525773195876289,43,53,120.5,4200,744
lstm,3,"{""batch_size"": 32, ""dropout"": 0.0, ""hidden_units"": 128, ""learning_rate"": 0.0001, ""lookback"": 168, ""num_layers"": 2}",42,fold1,168,128,2,0.0,0.0001,32,433.2382272105755,20.814375494128463,13.732137423689647,0.8546974017920772,172.25,24,27.173030853271484,0.041666666666666664,0.16666666666666666,0.06666666666666667,59,69,111.1,2736,744
lstm,3,"{""batch_size"": 32, ""dropout"": 0.0, ""hidden_units"": 128, ""learning_rate"": 0.0001, ""lookback"": 168, ""num_layers"": 2}",42,fold2,168,128,2,0.0,0.0001,32,581.1797598763925,24.107670146167017,16.06292923291524,0.8162661972921673,171.25,94,39.70045655838987,0.0425531914893617,0.5,0.0784313725490196,75,85,160.8,3480,720
lstm,3,"{""batch_size"": 32, ""dropout"": 0.0, ""hidden_units"": 128, ""learning_rate"": 0.0001, ""lookback"": 168, ""num_layers"": 2}",42,fold3,168,128,2,0.0,0.0001,32,438.1625545441229,20.932332754476338,13.198017614182605,0.8930537863921195,172.4124999999999,109,16.964141425736454,0.48623853211009177,0.7571428571428571,0.5921787709497207,75,85,204.6,4200,744
lstm,3,"{""batch_size"": 32, ""dropout"": 0.1, ""hidden_units"": 128, ""learning_rate"": 0.0001, ""lookback"": 168, ""num_layers"": 2}",42,fold1,168,128,2,0.1,0.0001,32,445.9942539737069,21.118576040389346,14.727531781360026,0.8504191924488562,172.25,24,34.8042106628418,0.0,0.0,0.0,45,55,90.2,2736,744
lstm,3,"{""batch_size"": 32, ""dropout"": 0.1, ""hidden_units"": 128, ""learning_rate"": 0.0001, ""lookback"": 168, ""num_layers"": 2}",42,fold2,168,128,2,0.1,0.0001,32,589.1541673612646,24.27249816894142,17.790776258707048,0.8137451731397622,171.25,94,45.3159891493777,0.0,0.0,0.0,29,39,77.3,3480,720
lstm,3,"{""batch_size"": 32, ""dropout"": 0.1, ""hidden_units"": 128, ""learning_rate"": 0.0001, ""lookback"": 168, ""num_layers"": 2}",42,fold3,168,128,2,0.1,0.0001,32,731.1021175255582,27.03890007980277,16.054196907948423,0.8215534339500741,172.4124999999999,109,17.06823408494302,0.46788990825688076,0.7846153846153846,0.5862068965517241,89,99,229.7,4200,744
lstm,3,"{""batch_size"": 32, ""dropout"": 0.2, ""hidden_units"": 128, ""learning_rate"": 0.0001, ""lookback"": 168, ""num_layers"": 2}",42,fold1,168,128,2,0.2,0.0001,32,526.8610607997282,22.953454223705158,16.984726694522685,0.8232974926481413,172.25,24,36.16877269744873,0.0,0.0,0.0,20,30,49.1,2736,744
lstm,3,"{""batch_size"": 32, ""dropout"": 0.2, ""hidden_units"": 128, ""learning_rate"": 0.0001, ""lookback"": 168, ""num_layers"": 2}",42,fold2,168,128,2,0.2,0.0001,32,537.7139805740271,23.188660603278212,17.165971520874237,0.8300074413447501,171.25,94,43.987412310661156,0.0,0.0,0.0,36,46,88.7,3480,720
lstm,3,"{""batch_size"": 32, ""dropout"": 0.2, ""hidden_units"": 128, ""learning_rate"": 0.0001, ""lookback"": 168, ""num_layers"": 2}",42,fold3,168,128,2,0.2,0.0001,32,621.1379788791978,24.922639885838695,14.257088927812474,0.8483933547486826,172.4124999999999,109,16.32310303854286,0.47706422018348627,0.7878787878787878,0.5942857142857143,94,100,233.6,4200,744
lstm,3,"{""batch_size"": 32, ""dropout"": 0.3, ""hidden_units"": 128, ""learning_rate"": 0.0001, ""lookback"": 168, ""num_layers"": 2}",42,fold1,168,128,2,0.3,0.0001,32,514.4168759507717,22.680760039089776,16.509656623651786,0.8274711141745128,172.25,24,34.93912124633789,0.0,0.0,0.0,14,24,39.6,2736,744
lstm,3,"{""batch_size"": 32, ""dropout"": 0.3, ""hidden_units"": 128, ""learning_rate"": 0.0001, ""lookback"": 168, ""num_layers"": 2}",42,fold2,168,128,2,0.3,0.0001,32,527.8806755930073,22.97565397530628,17.33646011915472,0.8331161361790866,171.25,94,42.7834035183521,0.010638297872340425,1.0,0.021052631578947368,34,44,84.1,3480,720
lstm,3,"{""batch_size"": 32, ""dropout"": 0.3, ""hidden_units"": 128, ""learning_rate"": 0.0001, ""lookback"": 168, ""num_layers"": 2}",42,fold3,168,128,2,0.3,0.0001,32,609.8149581361071,24.69443172328748,14.188391288121542,0.8511570646607196,172.4124999999999,109,16.4755536000663,0.5504587155963303,0.9090909090909091,0.6857142857142857,99,100,237.3,4200,744
lstm,3,"{""batch_size"": 32, ""dropout"": 0.0, ""hidden_units"": 128, ""learning_rate"": 0.0003, ""lookback"": 168, ""num_layers"": 2}",42,fold1,168,128,2,0.0,0.0003,32,255.90234512771664,15.99694799415553,11.546205982085198,0.9141736040377506,172.25,24,32.657280604044594,0.0,0.0,0.0,17,27,44.2,2736,744
lstm,3,"{""batch_size"": 32, ""dropout"": 0.0, ""hidden_units"": 128, ""learning_rate"": 0.0003, ""lookback"": 168, ""num_layers"": 2}",42,fold2,168,128,2,0.0,0.0003,32,312.51279276289404,17.678031359936377,11.963662491904365,0.9012024028135743,171.25,94,31.105489203270444,0.05319148936170213,0.7142857142857143,0.09900990099009901,25,35,69.0,3480,720
lstm,3,"{""batch_size"": 32, ""dropout"": 0.0, ""hidden_units"": 128, ""learning_rate"": 0.0003, ""lookback"": 168, ""num_layers"": 2}",42,fold3,168,128,2,0.0,0.0003,32,262.2005702799277,16.19260850758542,9.89943022080647,0.9360023856295975,172.4124999999999,109,14.692921909717246,0.5688073394495413,0.8266666666666667,0.6739130434782609,33,43,98.6,4200,744
lstm,3,"{""batch_size"": 32, ""dropout"": 0.1, ""hidden_units"": 128, ""learning_rate"": 0.0003, ""lookback"": 168, ""num_layers"": 2}",42,fold1,168,128,2,0.1,0.0003,32,203.6525677618945,14.270689113069995,10.046951514418407,0.9316975156646657,172.25,24,29.515578587849934,0.041666666666666664,0.16666666666666666,0.06666666666666667,33,43,69.2,2736,744
lstm,3,"{""batch_size"": 32, ""dropout"": 0.1, ""hidden_units"": 128, ""learning_rate"": 0.0003, ""lookback"": 168, ""num_layers"": 2}",42,fold2,168,128,2,0.1,0.0003,32,366.5063315894961,19.144355084188554,12.606190670861139,0.8841329195053902,171.25,94,31.377848117909533,0.05319148936170213,1.0,0.10101010101010101,50,60,118.4,3480,720
lstm,3,"{""batch_size"": 32, ""dropout"": 0.1, ""hidden_units"": 128, ""learning_rate"": 0.0003, ""lookback"": 168, ""num_layers"": 2}",42,fold3,168,128,2,0.1,0.0003,32,282.5408160736564,16.808950475078937,10.190642472236387,0.9310377617726909,172.4124999999999,109,17.7012469090453,0.43119266055045874,0.8545454545454545,0.573170731707317,35,45,109.1,4200,744
lstm,3,"{""batch_size"": 32, ""dropout"": 0.2, ""hidden_units"": 128, ""learning_rate"": 0.0003, ""lookback"": 168, ""num_layers"": 2}",42,fold1,168,128,2,0.2,0.0003,32,188.21546738896262,13.719164237990688,9.226388444182692,0.9368749230403386,172.25,24,24.124667803446453,0.041666666666666664,0.14285714285714285,0.06451612903225806,44,54,85.1,2736,744
lstm,3,"{""batch_size"": 32, ""dropout"": 0.2, ""hidden_units"": 128, ""learning_rate"": 0.0003, ""lookback"": 168, ""num_layers"": 2}",42,fold2,168,128,2,0.2,0.0003,32,327.56288838360996,18.09869852734196,11.84878368642595,0.8964444750768983,171.25,94,28.952030100720993,0.05319148936170213,0.7142857142857143,0.09900990099009901,50,60,116.8,3480,720
lstm,3,"{""batch_size"": 32, ""dropout"": 0.2, ""hidden_units"": 128, ""learning_rate"": 0.0003, ""lookback"": 168, ""num_layers"": 2}",42,fold3,168,128,2,0.2,0.0003,32,362.72482467370844,19.045336034675483,11.516799711411998,0.9114665409489503,172.4124999999999,109,17.56070660232404,0.3853211009174312,0.84,0.5283018867924528,39,49,119.1,4200,744
lstm,3,"{""batch_size"": 32, ""dropout"": 0.3, ""hidden_units"": 128, ""learning_rate"": 0.0003, ""lookback"": 168, ""num_layers"": 2}",42,fold1,168,128,2,0.3,0.0003,32,241.45923319017237,15.538958561955571,10.603026646439748,0.9190176403183096,172.25,24,30.213186264038086,0.0,0.0,0.0,33,43,69.5,2736,744
lstm,3,"{""batch_size"": 32, ""dropout"": 0.3, ""hidden_units"": 128, ""learning_rate"": 0.0003, ""lookback"": 168, ""num_layers"": 2}",42,fold2,168,128,2,0.3,0.0003,32,317.38692767720784,17.815356512773125,11.69829236401452,0.8996614968761268,171.25,94,28.961992629030917,0.06382978723404255,0.75,0.11764705882352941,56,66,128.3,3480,720
lstm,3,"{""batch_size"": 32, ""dropout"": 0.3, ""hidden_units"": 128, ""learning_rate"": 0.0003, ""lookback"": 168, ""num_layers"": 2}",42,fold3,168,128,2,0.3,0.0003,32,328.88768992299066,18.13526095546989,11.061937406498899,0.9197254699774566,172.4124999999999,109,19.98092161406071,0.26605504587155965,0.8285714285714286,0.4027777777777778,31,41,98.3,4200,744
lstm,3,"{""batch_size"": 32, ""dropout"": 0.0, ""hidden_units"": 128, ""learning_rate"": 0.001, ""lookback"": 168, ""num_layers"": 2}",42,fold1,168,128,2,0.0,0.001,32,126.25133290703342,11.236161840550064,7.855255937063566,0.9576569066476007,172.25,24,20.550894419352215,0.041666666666666664,0.1,0.058823529411764705,30,40,63.4,2736,744
lstm,3,"{""batch_size"": 32, ""dropout"": 0.0, ""hidden_units"": 128, ""learning_rate"": 0.001, ""lookback"": 168, ""num_layers"": 2}",42,fold2,168,128,2,0.0,0.001,32,191.32718533890605,13.832107046249535,9.101036853260464,0.9395139443066978,171.25,94,22.355815075813457,0.09574468085106383,0.8181818181818182,0.17142857142857143,34,44,86.0,3480,720
lstm,3,"{""batch_size"": 32, ""dropout"": 0.0, ""hidden_units"": 128, ""learning_rate"": 0.001, ""lookback"": 168, ""num_layers"": 2}",42,fold3,168,128,2,0.0,0.001,32,148.59029989793981,12.189762093574256,8.346787911589427,0.9637322500790197,172.4124999999999,109,14.59238720815116,0.6055045871559633,0.9166666666666666,0.7292817679558011,19,29,70.8,4200,744
lstm,3,"{""batch_size"": 32, ""dropout"": 0.1, ""hidden_units"": 128, ""learning_rate"": 0.001, ""lookback"": 168, ""num_layers"": 2}",42,fold1,168,128,2,0.1,0.001,32,111.61359684067747,10.564733637942675,7.15009618061845,0.9625662173887546,172.25,24,18.6936190923055,0.08333333333333333,0.2222222222222222,0.12121212121212122,37,47,77.4,2736,744
lstm,3,"{""batch_size"": 32, ""dropout"": 0.1, ""hidden_units"": 128, ""learning_rate"": 0.001, ""lookback"": 168, ""num_layers"": 2}",42,fold2,168,128,2,0.1,0.001,32,233.9621910714306,15.295822667363485,10.471808224254184,0.9260353404864734,171.25,94,24.339132430705618,0.06382978723404255,0.75,0.11764705882352941,25,35,68.7,3480,720
lstm,3,"{""batch_size"": 32, ""dropout"": 0.1, ""hidden_units"": 128, ""learning_rate"": 0.001, ""lookback"": 168, ""num_layers"": 2}",42,fold3,168,128,2,0.1,0.001,32,127.75431055399301,11.302845241530692,7.524757495490453,0.9688178744528956,172.4124999999999,109,12.74201321383135,0.6880733944954128,0.8522727272727273,0.7614213197969543,30,40,94.9,4200,744
lstm,3,"{""batch_size"": 32, ""dropout"": 0.3, ""hidden_units"": 128, ""learning_rate"": 0.001, ""lookback"": 168, ""num_layers"": 2}",42,fold1,168,128,2,0.3,0.001,32,109.54421525144352,10.466337241434728,7.117540297969695,0.9632602616875121,172.25,24,20.782375653584797,0.0,0.0,0.0,36,46,74.8,2736,744
lstm,3,"{""batch_size"": 32, ""dropout"": 0.3, ""hidden_units"": 128, ""learning_rate"": 0.001, ""lookback"": 168, ""num_layers"": 2}",42,fold2,168,128,2,0.3,0.001,32,209.87872768161506,14.487191849410122,9.910011540518866,0.9336490714118704,171.25,94,21.86872263157621,0.13829787234042554,0.6842105263157895,0.23008849557522124,30,40,79.0,3480,720
lstm,3,"{""batch_size"": 32, ""dropout"": 0.3, ""hidden_units"": 128, ""learning_rate"": 0.001, ""lookback"": 168, ""num_layers"": 2}",42,fold3,168,128,2,0.3,0.001,32,135.21084625298337,11.628019876702282,7.576858815326486,0.9669978917743924,172.4124999999999,109,11.10262921534547,0.6972477064220184,0.8539325842696629,0.7676767676767676,50,60,142.8,4200,744
lstm,4,"{""batch_size"": 16, ""dropout"": 0.3, ""hidden_units"": 128, ""learning_rate"": 0.001, ""lookback"": 168, ""num_layers"": 2}",42,fold1,168,128,2,0.3,0.001,16,99.2669570382663,9.963280435592802,6.781303267325124,0.9667071235455783,172.25,24,14.361698786417643,0.08333333333333333,0.10526315789473684,0.09302325581395349,48,58,186.7,2736,744
lstm,4,"{""batch_size"": 16, ""dropout"": 0.3, ""hidden_units"": 128, ""learning_rate"": 0.001, ""lookback"": 168, ""num_layers"": 2}",42,fold2,168,128,2,0.3,0.001,16,213.2837729788184,14.604238185500071,9.482292977968852,0.9325726025393469,171.25,94,17.68509755236037,0.2872340425531915,0.6,0.38848920863309355,31,41,158.4,3480,720
lstm,4,"{""batch_size"": 16, ""dropout"": 0.3, ""hidden_units"": 128, ""learning_rate"": 0.001, ""lookback"": 168, ""num_layers"": 2}",42,fold3,168,128,2,0.3,0.001,16,144.5812379678397,12.024193859375343,8.20756478719814,0.9647107773153095,172.4124999999999,109,14.886758786822679,0.5321100917431193,0.9354838709677419,0.6783625730994152,15,25,113.9,4200,744
lstm,4,"{""batch_size"": 64, ""dropout"": 0.3, ""hidden_units"": 128, ""learning_rate"": 0.001, ""lookback"": 168, ""num_layers"": 2}",42,fold1,168,128,2,0.3,0.001,64,156.0901794987301,12.4936055443867,8.827798499855945,0.9476493365280004,172.25,24,22.96685791015625,0.0,0.0,0.0,29,39,37.5,2736,744
lstm,4,"{""batch_size"": 64, ""dropout"": 0.3, ""hidden_units"": 128, ""learning_rate"": 0.001, ""lookback"": 168, ""num_layers"": 2}",42,fold2,168,128,2,0.3,0.001,64,277.60536717706225,16.66149354580982,11.039634831084145,0.9122380143203992,171.25,94,25.45755232141373,0.09574468085106383,0.6923076923076923,0.16822429906542055,33,43,50.9,3480,720
lstm,4,"{""batch_size"": 64, ""dropout"": 0.3, ""hidden_units"": 128, ""learning_rate"": 0.001, ""lookback"": 168, ""num_layers"": 2}",42,fold3,168,128,2,0.3,0.001,64,222.27438476220996,14.908869332119387,10.07187149601598,0.9457475231833263,172.4124999999999,109,15.959295990270212,0.5779816513761468,0.9130434782608695,0.7078651685393258,20,30,42.4,4200,744
lstm,confirm,"{""batch_size"": 32, ""dropout"": 0.3, ""hidden_units"": 128, ""learning_rate"": 0.001, ""lookback"": 168, ""num_layers"": 2}",17,fold1,168,128,2,0.3,0.001,32,149.50342683300818,12.227159393457182,8.299761633719168,0.949858449704011,172.25,24,13.962791124979654,0.20833333333333334,0.2631578947368421,0.23255813953488372,25,35,57.8,2736,744
lstm,confirm,"{""batch_size"": 32, ""dropout"": 0.3, ""hidden_units"": 128, ""learning_rate"": 0.001, ""lookback"": 168, ""num_layers"": 2}",17,fold2,168,128,2,0.3,0.001,32,258.0160762879844,16.062878829399928,10.701321636305915,0.9184309603861149,171.25,94,24.929364062370137,0.0851063829787234,0.8888888888888888,0.1553398058252427,48,58,111.9,3480,720
lstm,confirm,"{""batch_size"": 32, ""dropout"": 0.3, ""hidden_units"": 128, ""learning_rate"": 0.001, ""lookback"": 168, ""num_layers"": 2}",17,fold3,168,128,2,0.3,0.001,32,150.08829052144117,12.251052629118902,7.899479209735829,0.9633666222462849,172.4124999999999,109,9.429892723713445,0.7614678899082569,0.7980769230769231,0.7793427230046949,30,40,99.4,4200,744
lstm,confirm,"{""batch_size"": 32, ""dropout"": 0.3, ""hidden_units"": 128, ""learning_rate"": 0.001, ""lookback"": 168, ""num_layers"": 2}",73,fold1,168,128,2,0.3,0.001,32,87.7345805151476,9.366673930224517,6.410927798158379,0.9705749361416878,172.25,24,15.150590896606445,0.125,0.375,0.1875,27,37,59.8,2736,744
lstm,confirm,"{""batch_size"": 32, ""dropout"": 0.3, ""hidden_units"": 128, ""learning_rate"": 0.001, ""lookback"": 168, ""num_layers"": 2}",73,fold2,168,128,2,0.3,0.001,32,337.8669884484728,18.381158517581877,12.786584424972535,0.89318694338171,171.25,94,29.077639478318236,0.09574468085106383,0.75,0.16981132075471697,16,26,51.6,3480,720
lstm,confirm,"{""batch_size"": 32, ""dropout"": 0.3, ""hidden_units"": 128, ""learning_rate"": 0.001, ""lookback"": 168, ""num_layers"": 2}",73,fold3,168,128,2,0.3,0.001,32,172.1739528696297,13.121507263635138,8.810602972584386,0.9579759791192874,172.4124999999999,109,15.360602842558414,0.5229357798165137,0.8382352941176471,0.6440677966101694,10,20,45.6,4200,744
lstm,confirm,"{""batch_size"": 16, ""dropout"": 0.3, ""hidden_units"": 128, ""learning_rate"": 0.001, ""lookback"": 168, ""num_layers"": 2}",17,fold1,168,128,2,0.3,0.001,16,139.77705153757722,11.82273452030355,8.359373610506776,0.9531205524290426,172.25,24,16.862594604492188,0.041666666666666664,0.14285714285714285,0.06451612903225806,18,28,86.5,2736,744
lstm,confirm,"{""batch_size"": 16, ""dropout"": 0.3, ""hidden_units"": 128, ""learning_rate"": 0.001, ""lookback"": 168, ""num_layers"": 2}",17,fold2,168,128,2,0.3,0.001,16,228.93205007362025,15.130500655088062,9.987131426069471,0.9276255660887567,171.25,94,22.62296619821102,0.11702127659574468,0.6111111111111112,0.19642857142857142,45,55,212.6,3480,720
lstm,confirm,"{""batch_size"": 16, ""dropout"": 0.3, ""hidden_units"": 128, ""learning_rate"": 0.001, ""lookback"": 168, ""num_layers"": 2}",17,fold3,168,128,2,0.3,0.001,16,100.77200992919465,10.038526282736658,6.750210408241518,0.9754036834325197,172.4124999999999,109,11.10489339566012,0.7155963302752294,0.8387096774193549,0.7722772277227723,39,49,222.2,4200,744
lstm,confirm,"{""batch_size"": 16, ""dropout"": 0.3, ""hidden_units"": 128, ""learning_rate"": 0.001, ""lookback"": 168, ""num_layers"": 2}",73,fold1,168,128,2,0.3,0.001,16,107.14783487093898,10.35122383445257,7.467974129543509,0.9640639772271673,172.25,24,14.956103324890137,0.20833333333333334,0.23809523809523808,0.2222222222222222,23,33,98.4,2736,744
lstm,confirm,"{""batch_size"": 16, ""dropout"": 0.3, ""hidden_units"": 128, ""learning_rate"": 0.001, ""lookback"": 168, ""num_layers"": 2}",73,fold2,168,128,2,0.3,0.001,16,258.29241874658715,16.071478424419677,10.814432978630066,0.9183435976555555,171.25,94,22.687455928072016,0.26595744680851063,0.78125,0.3968253968253968,16,26,101.3,3480,720
lstm,confirm,"{""batch_size"": 16, ""dropout"": 0.3, ""hidden_units"": 128, ""learning_rate"": 0.001, ""lookback"": 168, ""num_layers"": 2}",73,fold3,168,128,2,0.3,0.001,16,109.89374062351948,10.48302154073526,6.614168669587823,0.9731772618700386,172.4124999999999,109,11.66634697870377,0.7155963302752294,0.8478260869565217,0.7761194029850746,29,39,178.1,4200,744
lstm,confirm,"{""batch_size"": 32, ""dropout"": 0.2, ""hidden_units"": 128, ""learning_rate"": 0.001, ""lookback"": 168, ""num_layers"": 2}",17,fold1,168,128,2,0.2,0.001,32,180.68548840344835,13.441930233543408,8.685447262179467,0.9394003823426972,172.25,24,21.58848285675049,0.125,0.15789473684210525,0.13953488372093023,28,38,60.5,2736,744
lstm,confirm,"{""batch_size"": 32, ""dropout"": 0.2, ""hidden_units"": 128, ""learning_rate"": 0.001, ""lookback"": 168, ""num_layers"": 2}",17,fold2,168,128,2,0.2,0.001,32,223.01493976461913,14.933684735008274,9.578884127404955,0.9294961976096233,171.25,94,21.291384108523104,0.2978723404255319,0.5833333333333334,0.39436619718309857,58,68,130.4,3480,720
lstm,confirm,"{""batch_size"": 32, ""dropout"": 0.2, ""hidden_units"": 128, ""learning_rate"": 0.001, ""lookback"": 168, ""num_layers"": 2}",17,fold3,168,128,2,0.2,0.001,32,135.1332288894598,11.62468188336609,7.800358021131125,0.9670168365314306,172.4124999999999,109,7.988392541167933,0.8715596330275229,0.7851239669421488,0.8260869565217391,35,45,111.3,4200,744
lstm,confirm,"{""batch_size"": 32, ""dropout"": 0.2, ""hidden_units"": 128, ""learning_rate"": 0.001, ""lookback"": 168, ""num_layers"": 2}",73,fold1,168,128,2,0.2,0.001,32,95.54959741247615,9.774947437837001,6.921065740687872,0.9679538787443942,172.25,24,14.163864771525065,0.16666666666666666,0.2857142857142857,0.21052631578947367,28,38,60.2,2736,744
lstm,confirm,"{""batch_size"": 32, ""dropout"": 0.2, ""hidden_units"": 128, ""learning_rate"": 0.001, ""lookback"": 168, ""num_layers"": 2}",73,fold2,168,128,2,0.2,0.001,32,325.6957185511082,18.047041822722864,12.145622158050537,0.8970347609700269,171.25,94,29.62216730320707,0.0425531914893617,0.8,0.08080808080808081,26,36,70.3,3480,720
lstm,confirm,"{""batch_size"": 32, ""dropout"": 0.2, ""hidden_units"": 128, ""learning_rate"": 0.001, ""lookback"": 168, ""num_layers"": 2}",73,fold3,168,128,2,0.2,0.001,32,145.3826861038297,12.057474283772274,7.961730241775513,0.964515160773781,172.4124999999999,109,10.562844792637256,0.7614678899082569,0.7757009345794392,0.7685185185185185,13,23,52.7,4200,744
