model,stage,config_id,seed,fold,lookback,filters,kernel_size,dilations,dropout,learning_rate,batch_size,mse,rmse,mae,r2,peak_threshold,n_peak,peak_mae,peak_recall,peak_precision,peak_f1,best_epoch,epochs_run,train_seconds,n_train,n_eval
tcn,1,"{""batch_size"": 32, ""dilations"": ""auto"", ""dropout"": 0.2, ""filters"": 64, ""kernel_size"": 3, ""learning_rate"": 0.001, ""lookback"": 24}",42,fold1,24,64,3,auto,0.2,0.001,32,92.35540035117924,9.6101717128873,6.7078179800382225,0.9690251718645393,172.25,24,12.204541524251303,0.2916666666666667,0.3181818181818182,0.30434782608695654,64,74,47.4,2880,744
tcn,1,"{""batch_size"": 32, ""dilations"": ""auto"", ""dropout"": 0.2, ""filters"": 64, ""kernel_size"": 3, ""learning_rate"": 0.001, ""lookback"": 24}",42,fold2,24,64,3,auto,0.2,0.001,32,193.335588461134,13.904516836666206,9.697341010967891,0.9388790090104381,171.25,94,20.899790500072722,0.18085106382978725,0.7083333333333334,0.288135593220339,25,35,31.8,3624,720
tcn,1,"{""batch_size"": 32, ""dilations"": ""auto"", ""dropout"": 0.2, ""filters"": 64, ""kernel_size"": 3, ""learning_rate"": 0.001, ""lookback"": 24}",42,fold3,24,64,3,auto,0.2,0.001,32,105.95918741352372,10.293647915754828,6.871262955409224,0.9741376031034094,172.4124999999999,109,11.889331082685278,0.7155963302752294,0.8863636363636364,0.7918781725888325,40,50,46.6,4344,744
tcn,1,"{""batch_size"": 32, ""dilations"": ""auto"", ""dropout"": 0.2, ""filters"": 64, ""kernel_size"": 3, ""learning_rate"": 0.001, ""lookback"": 48}",42,fold1,48,64,3,auto,0.2,0.001,32,128.15398816199087,11.320511833039657,8.02374368072838,0.957018780243522,172.25,24,8.854602813720703,0.7083333333333334,0.2786885245901639,0.4,16,26,36.4,2856,744
tcn,1,"{""batch_size"": 32, ""dilations"": ""auto"", ""dropout"": 0.2, ""filters"": 64, ""kernel_size"": 3, ""learning_rate"": 0.001, ""lookback"": 48}",42,fold2,48,64,3,auto,0.2,0.001,32,151.62455780887987,12.313592400631096,8.345819854736328,0.9520655079315835,171.25,94,17.51995443790517,0.2978723404255319,0.7,0.417910447761194,21,31,36.4,3600,720
tcn,1,"{""batch_size"": 32, ""dilations"": ""auto"", ""dropout"": 0.2, ""filters"": 64, ""kernel_size"": 3, ""learning_rate"": 0.001, ""lookback"": 48}",42,fold3,48,64,3,auto,0.2,0.001,32,135.18031044926462,11.626706775749728,7.476284521882252,0.9670053449183302,172.4124999999999,109,12.009133575159476,0.7431192660550459,0.84375,0.7902439024390244,30,40,34.9,4320,744
tcn,1,"{""batch_size"": 32, ""dilations"": ""auto"", ""dropout"": 0.2, ""filters"": 64, ""kernel_size"": 3, ""learning_rate"": 0.001, ""lookback"": 72}",42,fold1,72,64,3,auto,0.2,0.001,32,115.47496336908236,10.745927757484802,6.80889585966705,0.9612711641040461,172.25,24,12.232243220011393,0.041666666666666664,0.16666666666666666,0.06666666666666667,42,52,59.6,2832,744
tcn,1,"{""batch_size"": 32, ""dilations"": ""auto"", ""dropout"": 0.2, ""filters"": 64, ""kernel_size"": 3, ""learning_rate"": 0.001, ""lookback"": 72}",42,fold2,72,64,3,auto,0.2,0.001,32,235.74412742068355,15.353961294098783,10.564124796125624,0.925472000252978,171.25,94,18.664359315912773,0.30851063829787234,0.725,0.43283582089552236,12,22,38.5,3576,720
tcn,1,"{""batch_size"": 32, ""dilations"": ""auto"", ""dropout"": 0.2, ""filters"": 64, ""kernel_size"": 3, ""learning_rate"": 0.001, ""lookback"": 72}",42,fold3,72,64,3,auto,0.2,0.001,32,207.9381911789259,14.420062107318605,8.618660432036204,0.9492466848651753,172.4124999999999,109,13.117212698000287,0.6422018348623854,0.8333333333333334,0.7253886010362695,44,54,68.9,4296,744
tcn,1,"{""batch_size"": 32, ""dilations"": ""auto"", ""dropout"": 0.2, ""filters"": 64, ""kernel_size"": 3, ""learning_rate"": 0.001, ""lookback"": 168}",42,fold1,168,64,3,auto,0.2,0.001,32,143.30278446851653,11.970914103297064,8.119529836921282,0.9519380663895461,172.25,24,9.55533536275228,0.2916666666666667,0.3333333333333333,0.3111111111111111,23,33,66.8,2736,744
tcn,1,"{""batch_size"": 32, ""dilations"": ""auto"", ""dropout"": 0.2, ""filters"": 64, ""kernel_size"": 3, ""learning_rate"": 0.001, ""lookback"": 168}",42,fold2,168,64,3,auto,0.2,0.001,32,165.80652061274623,12.876588081193955,9.026877686712478,0.947582031156051,171.25,94,16.10500822675989,0.40425531914893614,0.6440677966101694,0.49673202614379086,28,38,70.4,3480,720
tcn,1,"{""batch_size"": 32, ""dilations"": ""auto"", ""dropout"": 0.2, ""filters"": 64, ""kernel_size"": 3, ""learning_rate"": 0.001, ""lookback"": 168}",42,fold3,168,64,3,auto,0.2,0.001,32,366.0280572887178,19.13185974464369,12.356586347985012,0.9106602917220878,172.4124999999999,109,15.547159807397685,0.5412844036697247,0.8428571428571429,0.659217877094972,8,18,51.1,4200,744
tcn,2,"{""batch_size"": 32, ""dilations"": ""auto"", ""dropout"": 0.2, ""filters"": 32, ""kernel_size"": 2, ""learning_rate"": 0.001, ""lookback"": 24}",42,fold1,24,32,2,auto,0.2,0.001,32,108.85456880784487,10.433339293239,7.3018910961766395,0.9634915603444772,172.25,24,13.097570419311523,0.16666666666666666,0.26666666666666666,0.20512820512820512,35,45,35.9,2880,744
tcn,2,"{""batch_size"": 32, ""dilations"": ""auto"", ""dropout"": 0.2, ""filters"": 32, ""kernel_size"": 2, ""learning_rate"": 0.001, ""lookback"": 24}",42,fold2,24,32,2,auto,0.2,0.001,32,157.46156454993235,12.54836899959243,8.499979011217754,0.9502202003021628,171.25,94,16.842975616455078,0.26595744680851063,0.8620689655172413,0.4065040650406504,45,55,47.8,3624,720
tcn,2,"{""batch_size"": 32, ""dilations"": ""auto"", ""dropout"": 0.2, ""filters"": 32, ""kernel_size"": 2, ""learning_rate"": 0.001, ""lookback"": 24}",42,fold3,24,32,2,auto,0.2,0.001,32,136.1552226249288,11.668557006970861,7.812531127724596,0.9667673894730139,172.4124999999999,109,14.496841290675173,0.5871559633027523,0.8533333333333334,0.6956521739130435,18,28,35.1,4344,744
tcn,2,"{""batch_size"": 32, ""dilations"": ""auto+1"", ""dropout"": 0.2, ""filters"": 32, ""kernel_size"": 2, ""learning_rate"": 0.001, ""lookback"": 24}",42,fold1,24,32,2,auto+1,0.2,0.001,32,110.06606818335226,10.49123768596214,7.229348162169098,0.9630852388429747,172.25,24,11.851677894592285,0.2916666666666667,0.25925925925925924,0.27450980392156865,35,45,34.3,2880,744
tcn,2,"{""batch_size"": 32, ""dilations"": ""auto+1"", ""dropout"": 0.2, ""filters"": 32, ""kernel_size"": 2, ""learning_rate"": 0.001, ""lookback"": 24}",42,fold2,24,32,2,auto+1,0.2,0.001,32,153.29720925941703,12.381325020344836,8.19808456103007,0.9515367169570367,171.25,94,16.636099957405253,0.2872340425531915,0.627906976744186,0.39416058394160586,45,55,50.6,3624,720
tcn,2,"{""batch_size"": 32, ""dilations"": ""auto+1"", ""dropout"": 0.2, ""filters"": 32, ""kernel_size"": 2, ""learning_rate"": 0.001, ""lookback"": 24}",42,fold3,24,32,2,auto+1,0.2,0.001,32,111.72790477298481,10.570142135893198,8.052666574396113,0.9727295811887793,172.4124999999999,109,9.895942338016056,0.8256880733944955,0.8737864077669902,0.8490566037735849,34,44,48.3,4344,744
tcn,2,"{""batch_size"": 32, ""dilations"": ""auto"", ""dropout"": 0.2, ""filters"": 32, ""kernel_size"": 3, ""learning_rate"": 0.001, ""lookback"": 24}",42,fold1,24,32,3,auto,0.2,0.001,32,82.14986196765801,9.063656103783837,6.411734119538338,0.9724479798027583,172.25,24,12.29216448465983,0.25,0.46153846153846156,0.32432432432432434,53,63,37.7,2880,744
tcn,2,"{""batch_size"": 32, ""dilations"": ""auto"", ""dropout"": 0.2, ""filters"": 32, ""kernel_size"": 3, ""learning_rate"": 0.001, ""lookback"": 24}",42,fold2,24,32,3,auto,0.2,0.001,32,181.7449799380797,13.481282577636287,9.229570298724704,0.9425432566781331,171.25,94,21.217480598612035,0.09574468085106383,0.5625,0.16363636363636364,31,41,33.8,3624,720
tcn,2,"{""batch_size"": 32, ""dilations"": ""auto"", ""dropout"": 0.2, ""filters"": 32, ""kernel_size"": 3, ""learning_rate"": 0.001, ""lookback"": 24}",42,fold3,24,32,3,auto,0.2,0.001,32,139.30559550748188,11.802779143383217,7.7204733433262,0.9659984500742729,172.4124999999999,109,14.011052122903527,0.5045871559633027,0.859375,0.6358381502890174,38,48,41.7,4344,744
tcn,2,"{""batch_size"": 32, ""dilations"": ""auto+1"", ""dropout"": 0.2, ""filters"": 32, ""kernel_size"": 3, ""learning_rate"": 0.001, ""lookback"": 24}",42,fold1,24,32,3,auto+1,0.2,0.001,32,112.68715053699651,10.615420412635409,7.435365805061915,0.9622061611158,172.25,24,13.281318664550781,0.3333333333333333,0.23529411764705882,0.27586206896551724,20,30,24.1,2880,744
tcn,2,"{""batch_size"": 32, ""dilations"": ""auto+1"", ""dropout"": 0.2, ""filters"": 32, ""kernel_size"": 3, ""learning_rate"": 0.001, ""lookback"": 24}",42,fold2,24,32,3,auto+1,0.2,0.001,32,162.9260921694657,12.764250552596721,8.6952723953459,0.9484926479872777,171.25,94,19.220185381300904,0.22340425531914893,0.84,0.35294117647058826,14,24,26.7,3624,720
tcn,2,"{""batch_size"": 32, ""dilations"": ""auto+1"", ""dropout"": 0.2, ""filters"": 32, ""kernel_size"": 3, ""learning_rate"": 0.001, ""lookback"": 24}",42,fold3,24,32,3,auto+1,0.2,0.001,32,143.1592153742298,11.96491602035843,8.242763678232828,0.965057862958467,172.4124999999999,109,12.550155079692875,0.6697247706422018,0.8795180722891566,0.7604166666666666,26,36,37.4,4344,744
tcn,2,"{""batch_size"": 32, ""dilations"": ""auto"", ""dropout"": 0.2, ""filters"": 32, ""kernel_size"": 5, ""learning_rate"": 0.001, ""lookback"": 24}",42,fold1,24,32,5,auto,0.2,0.001,32,116.34944031634622,10.786539774939238,7.9930067164923555,0.9609778756439569,172.25,24,11.807590166727701,0.25,0.4,0.3076923076923077,41,51,28.7,2880,744
tcn,2,"{""batch_size"": 32, ""dilations"": ""auto"", ""dropout"": 0.2, ""filters"": 32, ""kernel_size"": 5, ""learning_rate"": 0.001, ""lookback"": 24}",42,fold2,24,32,5,auto,0.2,0.001,32,207.70901384652316,14.412113441356308,9.602163222101,0.9343350033751481,171.25,94,18.774225762549868,0.3617021276595745,0.6666666666666666,0.4689655172413793,24,34,25.7,3624,720
tcn,2,"{""batch_size"": 32, ""dilations"": ""auto"", ""dropout"": 0.2, ""filters"": 32, ""kernel_size"": 5, ""learning_rate"": 0.001, ""lookback"": 24}",42,fold3,24,32,5,auto,0.2,0.001,32,164.7393970654955,12.835084614660532,8.993744334866923,0.9597905969702718,172.4124999999999,109,12.383551641341743,0.6605504587155964,0.8674698795180723,0.75,21,31,27.0,4344,744
tcn,2,"{""batch_size"": 32, ""dilations"": ""auto+1"", ""dropout"": 0.2, ""filters"": 32, ""kernel_size"": 5, ""learning_rate"": 0.001, ""lookback"": 24}",42,fold1,24,32,5,auto+1,0.2,0.001,32,141.6900483909794,11.90336290259939,8.583358333956811,0.9524789575842095,172.25,24,16.6844056447347,0.20833333333333334,0.29411764705882354,0.24390243902439024,24,34,28.2,2880,744
tcn,2,"{""batch_size"": 32, ""dilations"": ""auto+1"", ""dropout"": 0.2, ""filters"": 32, ""kernel_size"": 5, ""learning_rate"": 0.001, ""lookback"": 24}",42,fold2,24,32,5,auto+1,0.2,0.001,32,174.92026139843404,13.225742376079841,8.828605039914448,0.9447008188925612,171.25,94,21.97992868626371,0.1595744680851064,0.8333333333333334,0.26785714285714285,47,57,40.8,3624,720
tcn,2,"{""batch_size"": 32, ""dilations"": ""auto+1"", ""dropout"": 0.2, ""filters"": 32, ""kernel_size"": 5, ""learning_rate"": 0.001, ""lookback"": 24}",42,fold3,24,32,5,auto+1,0.2,0.001,32,144.71293852057562,12.029669094392231,8.097651353446386,0.9646786319954982,172.4124999999999,109,10.857191313297376,0.7614678899082569,0.9021739130434783,0.8258706467661692,26,36,32.9,4344,744
tcn,2,"{""batch_size"": 32, ""dilations"": ""auto"", ""dropout"": 0.2, ""filters"": 64, ""kernel_size"": 2, ""learning_rate"": 0.001, ""lookback"": 24}",42,fold1,24,64,2,auto,0.2,0.001,32,87.60048274392132,9.359512954418157,6.624504843065815,0.9706199108307833,172.25,24,10.230377833048502,0.4166666666666667,0.45454545454545453,0.43478260869565216,42,52,39.8,2880,744
tcn,2,"{""batch_size"": 32, ""dilations"": ""auto"", ""dropout"": 0.2, ""filters"": 64, ""kernel_size"": 2, ""learning_rate"": 0.001, ""lookback"": 24}",42,fold2,24,64,2,auto,0.2,0.001,32,209.67201888464342,14.480055900604922,9.823187838660346,0.9337144202005634,171.25,94,22.509684623555934,0.13829787234042554,0.8666666666666667,0.23853211009174313,17,27,31.4,3624,720
tcn,2,"{""batch_size"": 32, ""dilations"": ""auto"", ""dropout"": 0.2, ""filters"": 64, ""kernel_size"": 2, ""learning_rate"": 0.001, ""lookback"": 24}",42,fold3,24,64,2,auto,0.2,0.001,32,117.47382657251931,10.838534336916561,7.874258331073228,0.9713271231882628,172.4124999999999,109,12.434331071486167,0.6880733944954128,0.872093023255814,0.7692307692307693,23,33,39.7,4344,744
tcn,2,"{""batch_size"": 32, ""dilations"": ""auto+1"", ""dropout"": 0.2, ""filters"": 64, ""kernel_size"": 2, ""learning_rate"": 0.001, ""lookback"": 24}",42,fold1,24,64,2,auto+1,0.2,0.001,32,97.21079767797637,9.859553624681817,7.108314878197127,0.9673967332767032,172.25,24,11.034587224324545,0.5,0.5,0.5,26,36,32.4,2880,744
tcn,2,"{""batch_size"": 32, ""dilations"": ""auto+1"", ""dropout"": 0.2, ""filters"": 64, ""kernel_size"": 2, ""learning_rate"": 0.001, ""lookback"": 24}",42,fold2,24,64,2,auto+1,0.2,0.001,32,222.82123291809816,14.927197758390493,10.137086836496989,0.9295574359699018,171.25,94,21.89919962781541,0.11702127659574468,0.6470588235294118,0.1981981981981982,14,24,31.4,3624,720
tcn,2,"{""batch_size"": 32, ""dilations"": ""auto+1"", ""dropout"": 0.2, ""filters"": 64, ""kernel_size"": 2, ""learning_rate"": 0.001, ""lookback"": 24}",42,fold3,24,64,2,auto+1,0.2,0.001,32,122.77428321005553,11.080355734815354,7.950365053710117,0.9700333938134031,172.4124999999999,109,9.154272936899728,0.8073394495412844,0.8712871287128713,0.8380952380952381,29,39,51.9,4344,744
tcn,2,"{""batch_size"": 32, ""dilations"": ""auto+1"", ""dropout"": 0.2, ""filters"": 64, ""kernel_size"": 3, ""learning_rate"": 0.001, ""lookback"": 24}",42,fold1,24,64,3,auto+1,0.2,0.001,32,95.38513775555617,9.766531511010252,7.0416121790486,0.9680090364242802,172.25,24,12.81250286102295,0.3333333333333333,0.5333333333333333,0.41025641025641024,29,39,30.9,2880,744
tcn,2,"{""batch_size"": 32, ""dilations"": ""auto+1"", ""dropout"": 0.2, ""filters"": 64, ""kernel_size"": 3, ""learning_rate"": 0.001, ""lookback"": 24}",42,fold2,24,64,3,auto+1,0.2,0.001,32,182.60491009912928,13.513138425218965,9.220388152864244,0.9422713988994204,171.25,94,19.171948372049535,0.23404255319148937,0.7333333333333333,0.3548387096774194,28,38,37.4,3624,720
tcn,2,"{""batch_size"": 32, ""dilations"": ""auto+1"", ""dropout"": 0.2, ""filters"": 64, ""kernel_size"": 3, ""learning_rate"": 0.001, ""lookback"": 24}",42,fold3,24,64,3,auto+1,0.2,0.001,32,141.87866466940844,11.911283082414272,8.547590829992807,0.96537041830532,172.4124999999999,109,10.163583737994554,0.7614678899082569,0.8217821782178217,0.7904761904761904,29,39,41.0,4344,744
tcn,2,"{""batch_size"": 32, ""dilations"": ""auto"", ""dropout"": 0.2, ""filters"": 64, ""kernel_size"": 5, ""learning_rate"": 0.001, ""lookback"": 24}",42,fold1,24,64,5,auto,0.2,0.001,32,120.50162244489213,10.977323100141133,8.258006193304574,0.9595852865010395,172.25,24,13.684946695963541,0.125,0.42857142857142855,0.1935483870967742,43,53,31.7,2880,744
tcn,2,"{""batch_size"": 32, ""dilations"": ""auto"", ""dropout"": 0.2, ""filters"": 64, ""kernel_size"": 5, ""learning_rate"": 0.001, ""lookback"": 24}",42,fold2,24,64,5,auto,0.2,0.001,32,220.76727664861835,14.858239352245553,10.25504707230462,0.930206772409401,171.25,94,22.883032129165976,0.1702127659574468,0.7619047619047619,0.2782608695652174,11,21,18.7,3624,720
tcn,2,"{""batch_size"": 32, ""dilations"": ""auto"", ""dropout"": 0.2, ""filters"": 64, ""kernel_size"": 5, ""learning_rate"": 0.001, ""lookback"": 24}",42,fold3,24,64,5,auto,0.2,0.001,32,145.60006926427732,12.066485373308888,7.6812259920181765,0.9644621021413833,172.4124999999999,109,12.49211484576584,0.6513761467889908,0.8875,0.7513227513227513,25,35,30.6,4344,744
tcn,2,"{""batch_size"": 32, ""dilations"": ""auto+1"", ""dropout"": 0.2, ""filters"": 64, ""kernel_size"": 5, ""learning_rate"": 0.001, ""lookback"": 24}",42,fold1,24,64,5,auto+1,0.2,0.001,32,125.33525258195009,11.195322799363584,7.836814747061781,0.9579641483521446,172.25,24,18.03746732076009,0.08333333333333333,0.3333333333333333,0.13333333333333333,48,58,35.5,2880,744
tcn,2,"{""batch_size"": 32, ""dilations"": ""auto+1"", ""dropout"": 0.2, ""filters"": 64, ""kernel_size"": 5, ""learning_rate"": 0.001, ""lookback"": 24}",42,fold2,24,64,5,auto+1,0.2,0.001,32,206.8485738707184,14.382231185414815,10.088538800345527,0.9346070223263759,171.25,94,24.186657925869557,0.13829787234042554,0.9285714285714286,0.24074074074074073,29,39,32.5,3624,720
tcn,2,"{""batch_size"": 32, ""dilations"": ""auto+1"", ""dropout"": 0.2, ""filters"": 64, ""kernel_size"": 5, ""learning_rate"": 0.001, ""lookback"": 24}",42,fold3,24,64,5,auto+1,0.2,0.001,32,216.3352920768661,14.708340901572349,8.761003114523426,0.9471971301120258,172.4124999999999,109,11.887804083867904,0.6422018348623854,0.875,0.7407407407407407,20,30,31.4,4344,744
tcn,2,"{""batch_size"": 32, ""dilations"": ""auto"", ""dropout"": 0.2, ""filters"": 128, ""kernel_size"": 2, ""learning_rate"": 0.001, ""lookback"": 24}",42,fold1,24,128,2,auto,0.2,0.001,32,117.91717686069984,10.858967578029683,7.54160011968305,0.9604520767211177,172.25,24,14.62612247467041,0.25,0.25,0.25,10,20,24.9,2880,744
tcn,2,"{""batch_size"": 32, ""dilations"": ""auto"", ""dropout"": 0.2, ""filters"": 128, ""kernel_size"": 2, ""learning_rate"": 0.001, ""lookback"": 24}",42,fold2,24,128,2,auto,0.2,0.001,32,182.19235528483208,13.497864841701153,9.399587596787347,0.942401823718193,171.25,94,18.09616267427485,0.3191489361702128,0.6666666666666666,0.4316546762589928,17,27,30.6,3624,720
tcn,2,"{""batch_size"": 32, ""dilations"": ""auto"", ""dropout"": 0.2, ""filters"": 128, ""kernel_size"": 2, ""learning_rate"": 0.001, ""lookback"": 24}",42,fold3,24,128,2,auto,0.2,0.001,32,111.94005288370433,10.580172630146652,7.153699274986021,0.972677800321313,172.4124999999999,109,11.124484420916357,0.6972477064220184,0.8837209302325582,0.7794871794871795,25,35,40.7,4344,744
tcn,2,"{""batch_size"": 32, ""dilations"": ""auto+1"", ""dropout"": 0.2, ""filters"": 128, ""kernel_size"": 2, ""learning_rate"": 0.001, ""lookback"": 24}",42,fold1,24,128,2,auto+1,0.2,0.001,32,93.99777599413058,9.695245019808967,7.129042676700059,0.9684743399361319,172.25,24,12.901379267374674,0.16666666666666666,0.2857142857142857,0.21052631578947367,15,25,25.3,2880,744
tcn,2,"{""batch_size"": 32, ""dilations"": ""auto+1"", ""dropout"": 0.2, ""filters"": 128, ""kernel_size"": 2, ""learning_rate"": 0.001, ""lookback"": 24}",42,fold2,24,128,2,auto+1,0.2,0.001,32,157.90376675332794,12.565976553906502,8.476569241947598,0.9500804027765006,171.25,94,17.112936953280833,0.3723404255319149,0.660377358490566,0.47619047619047616,13,23,30.6,3624,720
tcn,2,"{""batch_size"": 32, ""dilations"": ""auto+1"", ""dropout"": 0.2, ""filters"": 128, ""kernel_size"": 2, ""learning_rate"": 0.001, ""lookback"": 24}",42,fold3,24,128,2,auto+1,0.2,0.001,32,110.5960647405019,10.516466361877544,8.029719450140512,0.9730058394053441,172.4124999999999,109,9.747669744929043,0.8256880733944955,0.8333333333333334,0.8294930875576036,21,31,40.4,4344,744
tcn,2,"{""batch_size"": 32, ""dilations"": ""auto"", ""dropout"": 0.2, ""filters"": 128, ""kernel_size"": 3, ""learning_rate"": 0.001, ""lookback"": 24}",42,fold1,24,128,3,auto,0.2,0.001,32,96.72209945555173,9.834739419809338,7.002518828197192,0.9675606364528265,172.25,24,13.459198633829752,0.20833333333333334,0.45454545454545453,0.2857142857142857,25,35,28.1,2880,744
tcn,2,"{""batch_size"": 32, ""dilations"": ""auto"", ""dropout"": 0.2, ""filters"": 128, ""kernel_size"": 3, ""learning_rate"": 0.001, ""lookback"": 24}",42,fold2,24,128,3,auto,0.2,0.001,32,179.24127136473447,13.38810185816998,9.287439971499973,0.9433347775272947,171.25,94,16.804357001122007,0.44680851063829785,0.6176470588235294,0.5185185185185185,10,20,23.7,3624,720
tcn,2,"{""batch_size"": 32, ""dilations"": ""auto"", ""dropout"": 0.2, ""filters"": 128, ""kernel_size"": 3, ""learning_rate"": 0.001, ""lookback"": 24}",42,fold3,24,128,3,auto,0.2,0.001,32,138.53558124674578,11.770113901179792,7.9933835383384455,0.9661863942715936,172.4124999999999,109,12.618418562302896,0.6055045871559633,0.88,0.717391304347826,22,32,32.6,4344,744
tcn,2,"{""batch_size"": 32, ""dilations"": ""auto+1"", ""dropout"": 0.2, ""filters"": 128, ""kernel_size"": 3, ""learning_rate"": 0.001, ""lookback"": 24}",42,fold1,24,128,3,auto+1,0.2,0.001,32,111.3498313758439,10.552242954739238,7.709534655335129,0.962654680975185,172.25,24,16.99207878112793,0.20833333333333334,0.3125,0.25,15,25,22.4,2880,744
tcn,2,"{""batch_size"": 32, ""dilations"": ""auto+1"", ""dropout"": 0.2, ""filters"": 128, ""kernel_size"": 3, ""learning_rate"": 0.001, ""lookback"": 24}",42,fold2,24,128,3,auto+1,0.2,0.001,32,188.36010397864135,13.72443455952344,9.219156718254089,0.9404519555364435,171.25,94,21.542878495885972,0.23404255319148937,0.6111111111111112,0.3384615384615385,8,18,24.1,3624,720
tcn,2,"{""batch_size"": 32, ""dilations"": ""auto+1"", ""dropout"": 0.2, ""filters"": 128, ""kernel_size"": 3, ""learning_rate"": 0.001, ""lookback"": 24}",42,fold3,24,128,3,auto+1,0.2,0.001,32,208.02008589832977,14.42290143827967,9.172764560227753,0.9492266960960213,172.4124999999999,109,11.155169425754373,0.6972477064220184,0.9047619047619048,0.7875647668393783,7,17,26.2,4344,744
tcn,2,"{""batch_size"": 32, ""dilations"": ""auto"", ""dropout"": 0.2, ""filters"": 128, ""kernel_size"": 5, ""learning_rate"": 0.001, ""lookback"": 24}",42,fold1,24,128,5,auto,0.2,0.001,32,116.77186101217,10.806102952136353,7.7964165697815595,0.9608362011083666,172.25,24,13.364437103271484,0.20833333333333334,0.7142857142857143,0.3225806451612903,18,28,21.0,2880,744
tcn,2,"{""batch_size"": 32, ""dilations"": ""auto"", ""dropout"": 0.2, ""filters"": 128, ""kernel_size"": 5, ""learning_rate"": 0.001, ""lookback"": 24}",42,fold2,24,128,5,auto,0.2,0.001,32,185.60191691615364,13.623579445804749,9.346170650588142,0.9413239270546501,171.25,94,19.32364159442009,0.2127659574468085,0.7142857142857143,0.32786885245901637,15,25,25.3,3624,720
tcn,2,"{""batch_size"": 32, ""dilations"": ""auto"", ""dropout"": 0.2, ""filters"": 128, ""kernel_size"": 5, ""learning_rate"": 0.001, ""lookback"": 24}",42,fold3,24,128,5,auto,0.2,0.001,32,134.07718866870204,11.579170465482493,7.629575847297587,0.9672745936169149,172.4124999999999,109,12.183968080293148,0.6788990825688074,0.8705882352941177,0.7628865979381443,31,41,36.2,4344,744
tcn,2,"{""batch_size"": 32, ""dilations"": ""auto+1"", ""dropout"": 0.2, ""filters"": 128, ""kernel_size"": 5, ""learning_rate"": 0.001, ""lookback"": 24}",42,fold1,24,128,5,auto+1,0.2,0.001,32,106.1800913826313,10.304372440019398,7.56229252969065,0.9643885461004066,172.25,24,17.51592191060384,0.041666666666666664,0.3333333333333333,0.07407407407407407,33,43,28.5,2880,744
tcn,2,"{""batch_size"": 32, ""dilations"": ""auto+1"", ""dropout"": 0.2, ""filters"": 128, ""kernel_size"": 5, ""learning_rate"": 0.001, ""lookback"": 24}",42,fold2,24,128,5,auto+1,0.2,0.001,32,220.62009277830964,14.853285588660498,9.887025949690077,0.930253303025324,171.25,94,21.30869098419839,0.2872340425531915,0.675,0.40298507462686567,12,22,23.4,3624,720
tcn,2,"{""batch_size"": 32, ""dilations"": ""auto+1"", ""dropout"": 0.2, ""filters"": 128, ""kernel_size"": 5, ""learning_rate"": 0.001, ""lookback"": 24}",42,fold3,24,128,5,auto+1,0.2,0.001,32,134.80478539151858,11.610546300304675,8.486627230080225,0.9670970026435838,172.4124999999999,109,10.444202948054043,0.7155963302752294,0.8764044943820225,0.7878787878787878,27,37,35.6,4344,744
tcn,3,"{""batch_size"": 32, ""dilations"": ""auto+1"", ""dropout"": 0.0, ""filters"": 128, ""kernel_size"": 2, ""learning_rate"": 0.0001, ""lookback"": 24}",42,fold1,24,128,2,auto+1,0.0,0.0001,32,329.0953137410564,18.140984365272363,13.513010157580156,0.8896256120968179,172.25,24,25.64012050628662,0.16666666666666666,0.5,0.25,12,22,26.9,2880,744
tcn,3,"{""batch_size"": 32, ""dilations"": ""auto+1"", ""dropout"": 0.0, ""filters"": 128, ""kernel_size"": 2, ""learning_rate"": 0.0001, ""lookback"": 24}",42,fold2,24,128,2,auto+1,0.0,0.0001,32,394.8549854539151,19.870958342614358,14.071271978567044,0.8751707939536235,171.25,94,22.66469452228952,0.3723404255319149,0.5833333333333334,0.45454545454545453,12,22,28.9,3624,720
tcn,3,"{""batch_size"": 32, ""dilations"": ""auto+1"", ""dropout"": 0.0, ""filters"": 128, ""kernel_size"": 2, ""learning_rate"": 0.0001, ""lookback"": 24}",42,fold3,24,128,2,auto+1,0.0,0.0001,32,430.60499457081124,20.75102394029777,14.829762074255175,0.8948984269595937,172.4124999999999,109,14.676099444748065,0.6055045871559633,0.868421052631579,0.7135135135135136,4,14,25.6,4344,744
tcn,3,"{""batch_size"": 32, ""dilations"": ""auto+1"", ""dropout"": 0.1, ""filters"": 128, ""kernel_size"": 2, ""learning_rate"": 0.0001, ""lookback"": 24}",42,fold1,24,128,2,auto+1,0.1,0.0001,32,138.93696098000757,11.787152369423564,8.196315047561482,0.9534023081308207,172.25,24,18.69606367746989,0.16666666666666666,0.4,0.23529411764705882,41,51,40.3,2880,744
tcn,3,"{""batch_size"": 32, ""dilations"": ""auto+1"", ""dropout"": 0.1, ""filters"": 128, ""kernel_size"": 2, ""learning_rate"": 0.0001, ""lookback"": 24}",42,fold2,24,128,2,auto+1,0.1,0.0001,32,214.0055042760184,14.628926969399307,9.858587720659044,0.9323444348622826,171.25,94,22.66406152603474,0.23404255319148937,0.6285714285714286,0.34108527131782945,54,64,57.4,3624,720
tcn,3,"{""batch_size"": 32, ""dilations"": ""auto+1"", ""dropout"": 0.1, ""filters"": 128, ""kernel_size"": 2, ""learning_rate"": 0.0001, ""lookback"": 24}",42,fold3,24,128,2,auto+1,0.1,0.0001,32,149.09032244887905,12.210254806877662,7.80832165287387,0.963610205148464,172.4124999999999,109,11.522988415639334,0.7155963302752294,0.8478260869565217,0.7761194029850746,48,58,61.0,4344,744
tcn,3,"{""batch_size"": 32, ""dilations"": ""auto+1"", ""dropout"": 0.2, ""filters"": 128, ""kernel_size"": 2, ""learning_rate"": 0.0001, ""lookback"": 24}",42,fold1,24,128,2,auto+1,0.2,0.0001,32,103.87247159357415,10.191784514675247,7.317493792503111,0.9651624924651696,172.25,24,17.052134831746418,0.16666666666666666,0.3076923076923077,0.21621621621621623,66,76,50.8,2880,744
tcn,3,"{""batch_size"": 32, ""dilations"": ""auto+1"", ""dropout"": 0.2, ""filters"": 128, ""kernel_size"": 2, ""learning_rate"": 0.0001, ""lookback"": 24}",42,fold2,24,128,2,auto+1,0.2,0.0001,32,207.59555768318407,14.408176764711907,9.90834556420644,0.9343708713350636,171.25,94,21.58046657481092,0.30851063829787234,0.6444444444444445,0.4172661870503597,41,51,49.7,3624,720
tcn,3,"{""batch_size"": 32, ""dilations"": ""auto+1"", ""dropout"": 0.2, ""filters"": 128, ""kernel_size"": 2, ""learning_rate"": 0.0001, ""lookback"": 24}",42,fold3,24,128,2,auto+1,0.2,0.0001,32,149.79018590448075,12.238880091923475,8.260595613589851,0.9634393832791762,172.4124999999999,109,13.116337767434777,0.6788990825688074,0.9024390243902439,0.774869109947644,35,45,50.5,4344,744
tcn,3,"{""batch_size"": 32, ""dilations"": ""auto+1"", ""dropout"": 0.3, ""filters"": 128, ""kernel_size"": 2, ""learning_rate"": 0.0001, ""lookback"": 24}",42,fold1,24,128,2,auto+1,0.3,0.0001,32,106.52098435176126,10.32090036536354,7.470152055063555,0.9642742149287453,172.25,24,18.907806714375813,0.041666666666666664,0.14285714285714285,0.06451612903225806,66,76,51.1,2880,744
tcn,3,"{""batch_size"": 32, ""dilations"": ""auto+1"", ""dropout"": 0.3, ""filters"": 128, ""kernel_size"": 2, ""learning_rate"": 0.0001, ""lookback"": 24}",42,fold2,24,128,2,auto+1,0.3,0.0001,32,205.92384708834086,14.350046936799227,10.063851779699325,0.9348993648680848,171.25,94,22.403893004072472,0.18085106382978725,0.8095238095238095,0.2956521739130435,41,51,48.8,3624,720
tcn,3,"{""batch_size"": 32, ""dilations"": ""auto+1"", ""dropout"": 0.3, ""filters"": 128, ""kernel_size"": 2, ""learning_rate"": 0.0001, ""lookback"": 24}",42,fold3,24,128,2,auto+1,0.3,0.0001,32,130.36711866912682,11.417842119644448,7.519336062092935,0.9681801432458365,172.4124999999999,109,11.269695596957426,0.7064220183486238,0.875,0.7817258883248731,73,83,80.1,4344,744
tcn,3,"{""batch_size"": 32, ""dilations"": ""auto+1"", ""dropout"": 0.0, ""filters"": 128, ""kernel_size"": 2, ""learning_rate"": 0.0003, ""lookback"": 24}",42,fold1,24,128,2,auto+1,0.0,0.0003,32,162.76361327015243,12.757884357139801,9.079674859200754,0.9454111516102026,172.25,24,23.196194966634113,0.125,0.42857142857142855,0.1935483870967742,27,37,27.0,2880,744
tcn,3,"{""batch_size"": 32, ""dilations"": ""auto+1"", ""dropout"": 0.0, ""filters"": 128, ""kernel_size"": 2, ""learning_rate"": 0.0003, ""lookback"": 24}",42,fold2,24,128,2,auto+1,0.0,0.0003,32,242.42900413358066,15.570131795639389,10.65081385506524,0.9233586475454528,171.25,94,18.704332798085314,0.44680851063829785,0.6268656716417911,0.5217391304347826,25,35,33.4,3624,720
tcn,3,"{""batch_size"": 32, ""dilations"": ""auto+1"", ""dropout"": 0.0, ""filters"": 128, ""kernel_size"": 2, ""learning_rate"": 0.0003, ""lookback"": 24}",42,fold3,24,128,2,auto+1,0.0,0.0003,32,242.4808227372943,15.571795745426867,10.04433863650086,0.9408155589852764,172.4124999999999,109,16.33408936666786,0.43119266055045874,0.94,0.5911949685534591,27,37,37.4,4344,744
tcn,3,"{""batch_size"": 32, ""dilations"": ""auto+1"", ""dropout"": 0.1, ""filters"": 128, ""kernel_size"": 2, ""learning_rate"": 0.0003, ""lookback"": 24}",42,fold1,24,128,2,auto+1,0.1,0.0003,32,103.18899822695573,10.1581985719396,7.121835103598974,0.9653917207505289,172.25,24,15.431459426879883,0.16666666666666666,0.3076923076923077,0.21621621621621623,49,59,40.9,2880,744
tcn,3,"{""batch_size"": 32, ""dilations"": ""auto+1"", ""dropout"": 0.1, ""filters"": 128, ""kernel_size"": 2, ""learning_rate"": 0.0003, ""lookback"": 24}",42,fold2,24,128,2,auto+1,0.1,0.0003,32,166.50478052205287,12.903673140701173,8.683779057529238,0.9473612837087506,171.25,94,18.323757902104806,0.35106382978723405,0.673469387755102,0.46153846153846156,59,69,59.7,3624,720
tcn,3,"{""batch_size"": 32, ""dilations"": ""auto+1"", ""dropout"": 0.1, ""filters"": 128, ""kernel_size"": 2, ""learning_rate"": 0.0003, ""lookback"": 24}",42,fold3,24,128,2,auto+1,0.1,0.0003,32,158.34267430980225,12.583428559411074,8.427618498443275,0.9613519017215016,172.4124999999999,109,11.933665704289707,0.6697247706422018,0.8202247191011236,0.7373737373737373,41,51,55.5,4344,744
tcn,3,"{""batch_size"": 32, ""dilations"": ""auto+1"", ""dropout"": 0.2, ""filters"": 128, ""kernel_size"": 2, ""learning_rate"": 0.0003, ""lookback"": 24}",42,fold1,24,128,2,auto+1,0.2,0.0003,32,89.57273329600476,9.46428725768638,6.514134817225958,0.9699584430480813,172.25,24,15.1183074315389,0.125,0.375,0.1875,52,62,43.6,2880,744
tcn,3,"{""batch_size"": 32, ""dilations"": ""auto+1"", ""dropout"": 0.2, ""filters"": 128, ""kernel_size"": 2, ""learning_rate"": 0.0003, ""lookback"": 24}",42,fold2,24,128,2,auto+1,0.2,0.0003,32,211.02806568017226,14.52680507476342,9.884204170438979,0.9332857204219522,171.25,94,22.861114339625583,0.18085106382978725,0.7727272727272727,0.29310344827586204,24,34,37.2,3624,720
tcn,3,"{""batch_size"": 32, ""dilations"": ""auto+1"", ""dropout"": 0.2, ""filters"": 128, ""kernel_size"": 2, ""learning_rate"": 0.0003, ""lookback"": 24}",42,fold3,24,128,2,auto+1,0.2,0.0003,32,113.5131296467879,10.654254063367736,6.718101480955719,0.9722938455497755,172.4124999999999,109,9.277415844278599,0.8073394495412844,0.8,0.8036529680365296,50,60,61.6,4344,744
tcn,3,"{""batch_size"": 32, ""dilations"": ""auto+1"", ""dropout"": 0.3, ""filters"": 128, ""kernel_size"": 2, ""learning_rate"": 0.0003, ""lookback"": 24}",42,fold1,24,128,2,auto+1,0.3,0.0003,32,90.41986707273155,9.50893616934784,7.067979053784442,0.9696743251400642,172.25,24,13.939114888509115,0.16666666666666666,0.3076923076923077,0.21621621621621623,40,50,36.9,2880,744
tcn,3,"{""batch_size"": 32, ""dilations"": ""auto+1"", ""dropout"": 0.3, ""filters"": 128, ""kernel_size"": 2, ""learning_rate"": 0.0003, ""lookback"": 24}",42,fold2,24,128,2,auto+1,0.3,0.0003,32,210.74853009657042,14.517180514706373,10.075450950198704,0.9333740926250349,171.25,94,21.854962612720247,0.20212765957446807,0.76,0.31932773109243695,17,27,33.2,3624,720
tcn,3,"{""batch_size"": 32, ""dilations"": ""auto+1"", ""dropout"": 0.3, ""filters"": 128, ""kernel_size"": 2, ""learning_rate"": 0.0003, ""lookback"": 24}",42,fold3,24,128,2,auto+1,0.3,0.0003,32,133.5714491498189,11.557311501807801,7.546734624972907,0.9673980339384474,172.4124999999999,109,10.682987878081995,0.7339449541284404,0.851063829787234,0.7881773399014779,41,51,60.9,4344,744
tcn,3,"{""batch_size"": 32, ""dilations"": ""auto+1"", ""dropout"": 0.0, ""filters"": 128, ""kernel_size"": 2, ""learning_rate"": 0.001, ""lookback"": 24}",42,fold1,24,128,2,auto+1,0.0,0.001,32,124.39133755136483,11.153086458526394,8.120582734384845,0.9582807254633442,172.25,24,14.149325688680014,0.16666666666666666,0.4444444444444444,0.24242424242424243,14,24,20.5,2880,744
tcn,3,"{""batch_size"": 32, ""dilations"": ""auto+1"", ""dropout"": 0.0, ""filters"": 128, ""kernel_size"": 2, ""learning_rate"": 0.001, ""lookback"": 24}",42,fold2,24,128,2,auto+1,0.0,0.001,32,189.74444523679122,13.774775687349367,9.7586802330282,0.940014310764266,171.25,94,16.372451051752616,0.3829787234042553,0.6666666666666666,0.4864864864864865,7,17,20.8,3624,720
tcn,3,"{""batch_size"": 32, ""dilations"": ""auto+1"", ""dropout"": 0.0, ""filters"": 128, ""kernel_size"": 2, ""learning_rate"": 0.001, ""lookback"": 24}",42,fold3,24,128,2,auto+1,0.0,0.001,32,120.71131332307438,10.986870042149146,7.5947097501447125,0.9705369211365658,172.4124999999999,109,12.34438064995162,0.6880733944954128,0.8241758241758241,0.75,22,32,33.4,4344,744
tcn,3,"{""batch_size"": 32, ""dilations"": ""auto+1"", ""dropout"": 0.1, ""filters"": 128, ""kernel_size"": 2, ""learning_rate"": 0.001, ""lookback"": 24}",42,fold1,24,128,2,auto+1,0.1,0.001,32,101.2293221825379,10.06127835727339,7.345230481957876,0.9660489712030873,172.25,24,14.738853454589844,0.08333333333333333,0.25,0.125,9,19,21.7,2880,744
tcn,3,"{""batch_size"": 32, ""dilations"": ""auto+1"", ""dropout"": 0.1, ""filters"": 128, ""kernel_size"": 2, ""learning_rate"": 0.001, ""lookback"": 24}",42,fold2,24,128,2,auto+1,0.1,0.001,32,194.72691903974425,13.954458751228735,9.753468376398086,0.9384391546388988,171.25,94,17.276385692839927,0.40425531914893614,0.6229508196721312,0.49032258064516127,7,17,26.5,3624,720
tcn,3,"{""batch_size"": 32, ""dilations"": ""auto+1"", ""dropout"": 0.1, ""filters"": 128, ""kernel_size"": 2, ""learning_rate"": 0.001, ""lookback"": 24}",42,fold3,24,128,2,auto+1,0.1,0.001,32,135.23582659942232,11.629093971562115,8.620807445177467,0.9669917946000935,172.4124999999999,109,15.5319559639747,0.5779816513761468,0.9,0.7039106145251397,12,22,34.5,4344,744
tcn,3,"{""batch_size"": 32, ""dilations"": ""auto+1"", ""dropout"": 0.3, ""filters"": 128, ""kernel_size"": 2, ""learning_rate"": 0.001, ""lookback"": 24}",42,fold1,24,128,2,auto+1,0.3,0.001,32,80.37626275750877,8.965280963668052,6.269573857707362,0.9730428224487397,172.25,24,11.259058316548666,0.3333333333333333,0.27586206896551724,0.3018867924528302,25,35,30.0,2880,744
tcn,3,"{""batch_size"": 32, ""dilations"": ""auto+1"", ""dropout"": 0.3, ""filters"": 128, ""kernel_size"": 2, ""learning_rate"": 0.001, ""lookback"": 24}",42,fold2,24,128,2,auto+1,0.3,0.001,32,180.6028073533548,13.43885439140386,9.274695563316346,0.942904342398642,171.25,94,20.41484995091215,0.24468085106382978,0.7419354838709677,0.368,12,22,37.6,3624,720
tcn,3,"{""batch_size"": 32, ""dilations"": ""auto+1"", ""dropout"": 0.3, ""filters"": 128, ""kernel_size"": 2, ""learning_rate"": 0.001, ""lookback"": 24}",42,fold3,24,128,2,auto+1,0.3,0.001,32,87.17084063854342,9.336532581132218,6.466792698829405,0.9787234412283184,172.4124999999999,109,9.57886890096402,0.8348623853211009,0.8198198198198198,0.8272727272727273,33,43,48.6,4344,744
tcn,4,"{""batch_size"": 16, ""dilations"": ""auto+1"", ""dropout"": 0.3, ""filters"": 128, ""kernel_size"": 2, ""learning_rate"": 0.001, ""lookback"": 24}",42,fold1,24,128,2,auto+1,0.3,0.001,16,86.84031770092881,9.318815252001126,7.033515935303063,0.9708748605302242,172.25,24,13.693792343139648,0.125,0.25,0.16666666666666666,14,24,37.4,2880,744
tcn,4,"{""batch_size"": 16, ""dilations"": ""auto+1"", ""dropout"": 0.3, ""filters"": 128, ""kernel_size"": 2, ""learning_rate"": 0.001, ""lookback"": 24}",42,fold2,24,128,2,auto+1,0.3,0.001,16,151.04387469254547,12.289990833704698,8.30823979112837,0.9522490847257152,171.25,94,15.494948285691281,0.40425531914893614,0.6551724137931034,0.5,11,21,43.2,3624,720
tcn,4,"{""batch_size"": 16, ""dilations"": ""auto+1"", ""dropout"": 0.3, ""filters"": 128, ""kernel_size"": 2, ""learning_rate"": 0.001, ""lookback"": 24}",42,fold3,24,128,2,auto+1,0.3,0.001,16,110.58896227123297,10.516128673196851,7.2393972642960085,0.9730075729678946,172.4124999999999,109,12.776106808163703,0.6238532110091743,0.9066666666666666,0.7391304347826086,14,24,48.0,4344,744
tcn,4,"{""batch_size"": 64, ""dilations"": ""auto+1"", ""dropout"": 0.3, ""filters"": 128, ""kernel_size"": 2, ""learning_rate"": 0.001, ""lookback"": 24}",42,fold1,24,128,2,auto+1,0.3,0.001,64,79.33382535967674,8.906953764316773,6.331306308828374,0.9733924427104358,172.25,24,9.419464747111002,0.375,0.375,0.375,23,33,29.7,2880,744
tcn,4,"{""batch_size"": 64, ""dilations"": ""auto+1"", ""dropout"": 0.3, ""filters"": 128, ""kernel_size"": 2, ""learning_rate"": 0.001, ""lookback"": 24}",42,fold2,24,128,2,auto+1,0.3,0.001,64,173.71892867343843,13.180247671172133,8.988777004347908,0.9450806074625,171.25,94,19.265910615312293,0.23404255319148937,0.8148148148148148,0.36363636363636365,28,38,39.6,3624,720
tcn,4,"{""batch_size"": 64, ""dilations"": ""auto+1"", ""dropout"": 0.3, ""filters"": 128, ""kernel_size"": 2, ""learning_rate"": 0.001, ""lookback"": 24}",42,fold3,24,128,2,auto+1,0.3,0.001,64,119.96366975253905,10.95279278323748,8.146635219614993,0.9707194051214882,172.4124999999999,109,13.829660678128583,0.6238532110091743,0.8192771084337349,0.7083333333333334,18,28,36.4,4344,744
tcn,confirm,"{""batch_size"": 32, ""dilations"": ""auto+1"", ""dropout"": 0.3, ""filters"": 128, ""kernel_size"": 2, ""learning_rate"": 0.001, ""lookback"": 24}",17,fold1,24,128,2,auto+1,0.3,0.001,32,100.90502751160784,10.045149451929914,7.652744934123049,0.9661577355163717,172.25,24,14.998590469360352,0.08333333333333333,0.2857142857142857,0.12903225806451613,22,32,36.0,2880,744
tcn,confirm,"{""batch_size"": 32, ""dilations"": ""auto+1"", ""dropout"": 0.3, ""filters"": 128, ""kernel_size"": 2, ""learning_rate"": 0.001, ""lookback"": 24}",17,fold2,24,128,2,auto+1,0.3,0.001,32,159.62389754414426,12.63423513886552,8.64150100019243,0.9495366017132655,171.25,94,18.19390122433926,0.23404255319148937,0.6470588235294118,0.34375,21,31,40.5,3624,720
tcn,confirm,"{""batch_size"": 32, ""dilations"": ""auto+1"", ""dropout"": 0.3, ""filters"": 128, ""kernel_size"": 2, ""learning_rate"": 0.001, ""lookback"": 24}",17,fold3,24,128,2,auto+1,0.3,0.001,32,94.63790496765786,9.72820152791141,6.710579538858065,0.9769008887338541,172.4124999999999,109,10.184081751272219,0.7981651376146789,0.8529411764705882,0.8246445497630331,22,32,45.5,4344,744
tcn,confirm,"{""batch_size"": 32, ""dilations"": ""auto+1"", ""dropout"": 0.3, ""filters"": 128, ""kernel_size"": 2, ""learning_rate"": 0.001, ""lookback"": 24}",73,fold1,24,128,2,auto+1,0.3,0.001,32,74.07131330796997,8.606469270727107,6.189737745510635,0.9751574224056413,172.25,24,13.251396179199219,0.20833333333333334,0.38461538461538464,0.2702702702702703,26,36,29.6,2880,744
tcn,confirm,"{""batch_size"": 32, ""dilations"": ""auto+1"", ""dropout"": 0.3, ""filters"": 128, ""kernel_size"": 2, ""learning_rate"": 0.001, ""lookback"": 24}",73,fold2,24,128,2,auto+1,0.3,0.001,32,179.2918268500485,13.389989800221974,9.446173752678765,0.9433187949480554,171.25,94,20.46087906208444,0.11702127659574468,0.7857142857142857,0.2037037037037037,13,23,30.3,3624,720
tcn,confirm,"{""batch_size"": 32, ""dilations"": ""auto+1"", ""dropout"": 0.3, ""filters"": 128, ""kernel_size"": 2, ""learning_rate"": 0.001, ""lookback"": 24}",73,fold3,24,128,2,auto+1,0.3,0.001,32,123.04437030386981,11.09253669382571,8.207736951048656,0.9699674712654167,172.4124999999999,109,10.423153098570097,0.7798165137614679,0.8018867924528302,0.7906976744186046,36,46,53.6,4344,744
tcn,confirm,"{""batch_size"": 16, ""dilations"": ""auto+1"", ""dropout"": 0.3, ""filters"": 128, ""kernel_size"": 2, ""learning_rate"": 0.001, ""lookback"": 24}",17,fold1,24,128,2,auto+1,0.3,0.001,16,102.3795437095815,10.11827770470753,6.203568504702661,0.965663201513579,172.25,24,14.125351270039877,0.25,0.4,0.3076923076923077,32,42,53.9,2880,744
tcn,confirm,"{""batch_size"": 16, ""dilations"": ""auto+1"", ""dropout"": 0.3, ""filters"": 128, ""kernel_size"": 2, ""learning_rate"": 0.001, ""lookback"": 24}",17,fold2,24,128,2,auto+1,0.3,0.001,16,141.8286371684746,11.909182892561294,8.094649603631762,0.9551623841040583,171.25,94,13.809675338420462,0.39361702127659576,0.7115384615384616,0.5068493150684932,27,37,58.7,3624,720
tcn,confirm,"{""batch_size"": 16, ""dilations"": ""auto+1"", ""dropout"": 0.3, ""filters"": 128, ""kernel_size"": 2, ""learning_rate"": 0.001, ""lookback"": 24}",17,fold3,24,128,2,auto+1,0.3,0.001,16,113.35687880796624,10.646918747128966,7.771140601045342,0.9723319830752479,172.4124999999999,109,12.540085118844969,0.6513761467889908,0.8987341772151899,0.7553191489361702,24,34,61.1,4344,744
tcn,confirm,"{""batch_size"": 16, ""dilations"": ""auto+1"", ""dropout"": 0.3, ""filters"": 128, ""kernel_size"": 2, ""learning_rate"": 0.001, ""lookback"": 24}",73,fold1,24,128,2,auto+1,0.3,0.001,16,75.63810922615055,8.697017260311178,6.384448569308045,0.9746319389568723,172.25,24,9.527983983357748,0.25,0.42857142857142855,0.3157894736842105,24,34,41.5,2880,744
tcn,confirm,"{""batch_size"": 16, ""dilations"": ""auto+1"", ""dropout"": 0.3, ""filters"": 128, ""kernel_size"": 2, ""learning_rate"": 0.001, ""lookback"": 24}",73,fold2,24,128,2,auto+1,0.3,0.001,16,153.25588217471633,12.379655979659384,8.349693364567226,0.9515497820755269,171.25,94,17.836781116242104,0.19148936170212766,0.8181818181818182,0.3103448275862069,27,37,56.5,3624,720
tcn,confirm,"{""batch_size"": 16, ""dilations"": ""auto+1"", ""dropout"": 0.3, ""filters"": 128, ""kernel_size"": 2, ""learning_rate"": 0.001, ""lookback"": 24}",73,fold3,24,128,2,auto+1,0.3,0.001,16,90.82853070621778,9.530400343438767,6.281347244016586,0.9778306764330795,172.4124999999999,109,9.056595688566155,0.8073394495412844,0.8301886792452831,0.8186046511627907,31,41,69.2,4344,744
tcn,confirm,"{""batch_size"": 32, ""dilations"": ""auto+1"", ""dropout"": 0.2, ""filters"": 128, ""kernel_size"": 2, ""learning_rate"": 0.001, ""lookback"": 24}",17,fold1,24,128,2,auto+1,0.2,0.001,32,102.94764692905815,10.14631198658203,7.1676480744474675,0.9654726669100845,172.25,24,12.961102167765299,0.2916666666666667,0.5384615384615384,0.3783783783783784,17,27,24.7,2880,744
tcn,confirm,"{""batch_size"": 32, ""dilations"": ""auto+1"", ""dropout"": 0.2, ""filters"": 128, ""kernel_size"": 2, ""learning_rate"": 0.001, ""lookback"": 24}",17,fold2,24,128,2,auto+1,0.2,0.001,32,185.75132582573812,13.629061810181144,9.574890379110972,0.9412766930162139,171.25,94,19.89549929030398,0.20212765957446807,0.6551724137931034,0.3089430894308943,17,27,32.4,3624,720
tcn,confirm,"{""batch_size"": 32, ""dilations"": ""auto+1"", ""dropout"": 0.2, ""filters"": 128, ""kernel_size"": 2, ""learning_rate"": 0.001, ""lookback"": 24}",17,fold3,24,128,2,auto+1,0.2,0.001,32,107.76922112275487,10.381195553632292,7.403781713977937,0.9736958121523175,172.4124999999999,109,10.780028736919437,0.7431192660550459,0.8804347826086957,0.8059701492537313,23,33,48.6,4344,744
tcn,confirm,"{""batch_size"": 32, ""dilations"": ""auto+1"", ""dropout"": 0.2, ""filters"": 128, ""kernel_size"": 2, ""learning_rate"": 0.001, ""lookback"": 24}",73,fold1,24,128,2,auto+1,0.2,0.001,32,71.23776509567878,8.440246743767553,5.958211760367116,0.9761077584829635,172.25,24,11.292167663574219,0.25,0.4,0.3076923076923077,21,31,27.4,2880,744
tcn,confirm,"{""batch_size"": 32, ""dilations"": ""auto+1"", ""dropout"": 0.2, ""filters"": 128, ""kernel_size"": 2, ""learning_rate"": 0.001, ""lookback"": 24}",73,fold2,24,128,2,auto+1,0.2,0.001,32,197.69622727623104,14.060449042481931,9.534106546640396,0.9375004394059089,171.25,94,19.56408594009724,0.2553191489361702,0.6857142857142857,0.37209302325581395,16,26,33.1,3624,720
tcn,confirm,"{""batch_size"": 32, ""dilations"": ""auto+1"", ""dropout"": 0.2, ""filters"": 128, ""kernel_size"": 2, ""learning_rate"": 0.001, ""lookback"": 24}",73,fold3,24,128,2,auto+1,0.2,0.001,32,150.3967098171324,12.263633630255448,9.562716194378432,0.9632913436184429,172.4124999999999,109,11.299099983425315,0.7522935779816514,0.9111111111111111,0.8241206030150754,10,20,32.3,4344,744
