model,stage,config_id,seed,fold,lookback,filters,kernel_size,dilations,lstm_units,dropout,learning_rate,batch_size,mse,rmse,mae,r2,peak_threshold,n_peak,peak_mae,peak_recall,peak_precision,peak_f1,best_epoch,epochs_run,train_seconds,n_train,n_eval
tcn_lstm,1,"{""batch_size"": 32, ""dilations"": ""auto"", ""dropout"": 0.2, ""filters"": 64, ""kernel_size"": 3, ""learning_rate"": 0.001, ""lookback"": 24, ""lstm_units"": 64}",42,fold1,24,64,3,auto,64,0.2,0.001,32,90.1248930943952,9.493413142510716,6.8148819451691,0.9697732556654981,172.25,24,11.171676953633627,0.25,0.3157894736842105,0.27906976744186046,41,51,60.3,2880,744
tcn_lstm,1,"{""batch_size"": 32, ""dilations"": ""auto"", ""dropout"": 0.2, ""filters"": 64, ""kernel_size"": 3, ""learning_rate"": 0.001, ""lookback"": 24, ""lstm_units"": 64}",42,fold2,24,64,3,auto,64,0.2,0.001,32,246.8409962169245,15.71117424691498,10.261521527502271,0.9219638431510913,171.25,94,22.580543680393948,0.13829787234042554,0.5652173913043478,0.2222222222222222,16,26,40.2,3624,720
tcn_lstm,1,"{""batch_size"": 32, ""dilations"": ""auto"", ""dropout"": 0.2, ""filters"": 64, ""kernel_size"": 3, ""learning_rate"": 0.001, ""lookback"": 24, ""lstm_units"": 64}",42,fold3,24,64,3,auto,64,0.2,0.001,32,151.09377573093872,12.292020815591663,9.534442081246326,0.963121204569947,172.4124999999999,109,17.83063934046194,0.28440366972477066,0.9117647058823529,0.43356643356643354,12,22,40.0,4344,744
tcn_lstm,1,"{""batch_size"": 32, ""dilations"": ""auto"", ""dropout"": 0.2, ""filters"": 64, ""kernel_size"": 3, ""learning_rate"": 0.001, ""lookback"": 48, ""lstm_units"": 64}",42,fold1,48,64,3,auto,64,0.2,0.001,32,88.6174181443571,9.413682496470608,6.921365420023601,0.9702788436150754,172.25,24,9.887859980265299,0.3333333333333333,0.34782608695652173,0.3404255319148936,44,54,76.3,2856,744
tcn_lstm,1,"{""batch_size"": 32, ""dilations"": ""auto"", ""dropout"": 0.2, ""filters"": 64, ""kernel_size"": 3, ""learning_rate"": 0.001, ""lookback"": 48, ""lstm_units"": 64}",42,fold2,48,64,3,auto,64,0.2,0.001,32,155.67825751819325,12.477109341437753,8.56191602283054,0.9507839738623548,171.25,94,19.149982858211438,0.1595744680851064,0.5769230769230769,0.25,17,27,48.8,3600,720
tcn_lstm,1,"{""batch_size"": 32, ""dilations"": ""auto"", ""dropout"": 0.2, ""filters"": 64, ""kernel_size"": 3, ""learning_rate"": 0.001, ""lookback"": 48, ""lstm_units"": 64}",42,fold3,48,64,3,auto,64,0.2,0.001,32,126.01213585073289,11.22551272106236,7.976462259087511,0.9692431024556649,172.4124999999999,109,16.100481925754373,0.44954128440366975,0.9423076923076923,0.6086956521739131,14,24,46.8,4320,744
tcn_lstm,1,"{""batch_size"": 32, ""dilations"": ""auto"", ""dropout"": 0.2, ""filters"": 64, ""kernel_size"": 3, ""learning_rate"": 0.001, ""lookback"": 72, ""lstm_units"": 64}",42,fold1,72,64,3,auto,64,0.2,0.001,32,145.16237841715918,12.048335089013717,7.470362524832448,0.9513143822006203,172.25,24,11.894875208536783,0.125,0.25,0.16666666666666666,12,22,39.3,2832,744
tcn_lstm,1,"{""batch_size"": 32, ""dilations"": ""auto"", ""dropout"": 0.2, ""filters"": 64, ""kernel_size"": 3, ""learning_rate"": 0.001, ""lookback"": 72, ""lstm_units"": 64}",42,fold2,72,64,3,auto,64,0.2,0.001,32,266.7250053879363,16.33171777211253,11.39030396938324,0.9156777250336186,171.25,94,27.104071109852892,0.010638297872340425,1.0,0.021052631578947368,27,37,72.7,3576,720
tcn_lstm,1,"{""batch_size"": 32, ""dilations"": ""auto"", ""dropout"": 0.2, ""filters"": 64, ""kernel_size"": 3, ""learning_rate"": 0.001, ""lookback"": 72, ""lstm_units"": 64}",42,fold3,72,64,3,auto,64,0.2,0.001,32,296.77733681130815,17.227226614034777,10.6472346321229,0.9275629281246489,172.4124999999999,109,21.88287073537844,0.06422018348623854,0.875,0.11965811965811966,9,19,48.4,4296,744
tcn_lstm,1,"{""batch_size"": 32, ""dilations"": ""auto"", ""dropout"": 0.2, ""filters"": 64, ""kernel_size"": 3, ""learning_rate"": 0.001, ""lookback"": 168, ""lstm_units"": 64}",42,fold1,168,64,3,auto,64,0.2,0.001,32,188.06639616857373,13.713730206204792,9.48646960207211,0.9369249196340834,172.25,24,14.388076782226562,0.3333333333333333,0.23529411764705882,0.27586206896551724,8,18,39.3,2736,744
tcn_lstm,1,"{""batch_size"": 32, ""dilations"": ""auto"", ""dropout"": 0.2, ""filters"": 64, ""kernel_size"": 3, ""learning_rate"": 0.001, ""lookback"": 168, ""lstm_units"": 64}",42,fold2,168,64,3,auto,64,0.2,0.001,32,231.80347858584875,15.225093713532562,10.279390676816304,0.9267177944900561,171.25,94,24.577419930316033,0.0425531914893617,0.8,0.08080808080808081,20,30,73.4,3480,720
tcn_lstm,1,"{""batch_size"": 32, ""dilations"": ""auto"", ""dropout"": 0.2, ""filters"": 64, ""kernel_size"": 3, ""learning_rate"": 0.001, ""lookback"": 168, ""lstm_units"": 64}",42,fold3,168,64,3,auto,64,0.2,0.001,32,510.72156560327136,22.599149665491208,14.074781076882475,0.8753436662199795,172.4124999999999,109,21.980742848247562,0.11009174311926606,0.9230769230769231,0.19672131147540983,21,31,91.4,4200,744
tcn_lstm,2,"{""batch_size"": 32, ""dilations"": ""auto"", ""dropout"": 0.2, ""filters"": 32, ""kernel_size"": 2, ""learning_rate"": 0.001, ""lookback"": 48, ""lstm_units"": 32}",42,fold1,48,32,2,auto,32,0.2,0.001,32,98.57935023753801,9.928713423074411,7.390187878762522,0.9669377381322333,172.25,24,15.466179529825846,0.16666666666666666,0.3076923076923077,0.21621621621621623,28,38,65.0,2856,744
tcn_lstm,2,"{""batch_size"": 32, ""dilations"": ""auto"", ""dropout"": 0.2, ""filters"": 32, ""kernel_size"": 2, ""learning_rate"": 0.001, ""lookback"": 48, ""lstm_units"": 32}",42,fold2,48,32,2,auto,32,0.2,0.001,32,272.5899376137693,16.510297926257092,11.984107210901048,0.9138235890590534,171.25,94,29.72037011004509,0.031914893617021274,1.0,0.061855670103092786,24,34,67.0,3600,720
tcn_lstm,2,"{""batch_size"": 32, ""dilations"": ""auto"", ""dropout"": 0.2, ""filters"": 32, ""kernel_size"": 2, ""learning_rate"": 0.001, ""lookback"": 48, ""lstm_units"": 32}",42,fold3,48,32,2,auto,32,0.2,0.001,32,203.87187763681638,14.278370972797156,11.257675814372236,0.9502391860092393,172.4124999999999,109,21.799492792252007,0.10091743119266056,0.8461538461538461,0.18032786885245902,22,32,75.3,4320,744
tcn_lstm,2,"{""batch_size"": 32, ""dilations"": ""auto"", ""dropout"": 0.2, ""filters"": 32, ""kernel_size"": 2, ""learning_rate"": 0.001, ""lookback"": 48, ""lstm_units"": 64}",42,fold1,48,32,2,auto,64,0.2,0.001,32,73.18058593331179,8.554565210068352,5.977984669387982,0.9754561610526579,172.25,24,10.444601694742838,0.16666666666666666,0.26666666666666666,0.20512820512820512,40,50,77.1,2856,744
tcn_lstm,2,"{""batch_size"": 32, ""dilations"": ""auto"", ""dropout"": 0.2, ""filters"": 32, ""kernel_size"": 2, ""learning_rate"": 0.001, ""lookback"": 48, ""lstm_units"": 64}",42,fold2,48,32,2,auto,64,0.2,0.001,32,176.03183469609337,13.26769892242409,9.293135054906209,0.9443494068113647,171.25,94,23.000556134163066,0.0,0.0,0.0,31,41,80.9,3600,720
tcn_lstm,2,"{""batch_size"": 32, ""dilations"": ""auto"", ""dropout"": 0.2, ""filters"": 32, ""kernel_size"": 2, ""learning_rate"": 0.001, ""lookback"": 48, ""lstm_units"": 64}",42,fold3,48,32,2,auto,64,0.2,0.001,32,280.6258637849063,16.751891349483685,10.983513324491438,0.9315051611302984,172.4124999999999,109,19.9793759967209,0.05504587155963303,1.0,0.10434782608695652,24,34,75.4,4320,744
tcn_lstm,2,"{""batch_size"": 32, ""dilations"": ""auto"", ""dropout"": 0.2, ""filters"": 32, ""kernel_size"": 2, ""learning_rate"": 0.001, ""lookback"": 48, ""lstm_units"": 128}",42,fold1,48,32,2,auto,128,0.2,0.001,32,83.8707354894903,9.158096717631361,6.355549725153113,0.9718708206828917,172.25,24,10.226512908935547,0.2916666666666667,0.3333333333333333,0.3111111111111111,32,42,70.4,2856,744
tcn_lstm,2,"{""batch_size"": 32, ""dilations"": ""auto"", ""dropout"": 0.2, ""filters"": 32, ""kernel_size"": 2, ""learning_rate"": 0.001, ""lookback"": 48, ""lstm_units"": 128}",42,fold2,48,32,2,auto,128,0.2,0.001,32,177.01762475352717,13.30479705796098,8.422248040305243,0.9440377597643953,171.25,94,21.141733453628866,0.18085106382978725,0.6071428571428571,0.2786885245901639,20,30,60.4,3600,720
tcn_lstm,2,"{""batch_size"": 32, ""dilations"": ""auto"", ""dropout"": 0.2, ""filters"": 32, ""kernel_size"": 2, ""learning_rate"": 0.001, ""lookback"": 48, ""lstm_units"": 128}",42,fold3,48,32,2,auto,128,0.2,0.001,32,315.5441371391213,17.763562062241945,9.473834986327796,0.9229823490318442,172.4124999999999,109,13.012295504228785,0.6330275229357798,0.8961038961038961,0.7419354838709677,52,62,132.4,4320,744
tcn_lstm,2,"{""batch_size"": 32, ""dilations"": ""auto"", ""dropout"": 0.2, ""filters"": 32, ""kernel_size"": 3, ""learning_rate"": 0.001, ""lookback"": 48, ""lstm_units"": 32}",42,fold1,48,32,3,auto,32,0.2,0.001,32,124.74115385473544,11.168757936974703,7.551055298056654,0.9581634015187271,172.25,24,13.451952616373697,0.25,0.21428571428571427,0.23076923076923078,14,24,38.1,2856,744
tcn_lstm,2,"{""batch_size"": 32, ""dilations"": ""auto"", ""dropout"": 0.2, ""filters"": 32, ""kernel_size"": 3, ""learning_rate"": 0.001, ""lookback"": 48, ""lstm_units"": 32}",42,fold2,48,32,3,auto,32,0.2,0.001,32,242.51225404957893,15.572804951246868,10.22933403915829,0.9233323289695191,171.25,94,25.892103154608545,0.05319148936170213,0.8333333333333334,0.1,13,23,43.0,3600,720
tcn_lstm,2,"{""batch_size"": 32, ""dilations"": ""auto"", ""dropout"": 0.2, ""filters"": 32, ""kernel_size"": 3, ""learning_rate"": 0.001, ""lookback"": 48, ""lstm_units"": 32}",42,fold3,48,32,3,auto,32,0.2,0.001,32,245.72796056532428,15.675712442033513,12.335804600869455,0.940023001309662,172.4124999999999,109,22.183267015929616,0.11009174311926606,0.8,0.1935483870967742,11,21,42.4,4320,744
tcn_lstm,2,"{""batch_size"": 32, ""dilations"": ""auto"", ""dropout"": 0.2, ""filters"": 32, ""kernel_size"": 3, ""learning_rate"": 0.001, ""lookback"": 48, ""lstm_units"": 64}",42,fold1,48,32,3,auto,64,0.2,0.001,32,76.55138227435121,8.74936467832672,6.213133294095275,0.9743256387773354,172.25,24,8.112404505411783,0.4166666666666667,0.3448275862068966,0.37735849056603776,37,47,66.7,2856,744
tcn_lstm,2,"{""batch_size"": 32, ""dilations"": ""auto"", ""dropout"": 0.2, ""filters"": 32, ""kernel_size"": 3, ""learning_rate"": 0.001, ""lookback"": 48, ""lstm_units"": 64}",42,fold2,48,32,3,auto,64,0.2,0.001,32,203.32391516936994,14.25916951190952,9.273563226064047,0.9357213057050395,171.25,94,19.249621533332988,0.19148936170212766,0.72,0.3025210084033613,26,36,64.4,3600,720
tcn_lstm,2,"{""batch_size"": 32, ""dilations"": ""auto"", ""dropout"": 0.2, ""filters"": 32, ""kernel_size"": 3, ""learning_rate"": 0.001, ""lookback"": 48, ""lstm_units"": 64}",42,fold3,48,32,3,auto,64,0.2,0.001,32,247.02725241073298,15.717100636272995,10.021914882044639,0.9397058716467162,172.4124999999999,109,17.053619104787845,0.3853211009174312,0.9130434782608695,0.5419354838709678,19,29,58.1,4320,744
tcn_lstm,2,"{""batch_size"": 32, ""dilations"": ""auto"", ""dropout"": 0.2, ""filters"": 32, ""kernel_size"": 3, ""learning_rate"": 0.001, ""lookback"": 48, ""lstm_units"": 128}",42,fold1,48,32,3,auto,128,0.2,0.001,32,106.55004337724338,10.32230804506644,7.55798735157136,0.9642644689007203,172.25,24,13.803877830505371,0.125,0.25,0.16666666666666666,25,35,52.9,2856,744
tcn_lstm,2,"{""batch_size"": 32, ""dilations"": ""auto"", ""dropout"": 0.2, ""filters"": 32, ""kernel_size"": 3, ""learning_rate"": 0.001, ""lookback"": 48, ""lstm_units"": 128}",42,fold2,48,32,3,auto,128,0.2,0.001,32,254.61209229123656,15.956568938566855,10.569186814626057,0.9195070937397818,171.25,94,25.734704768404047,0.0851063829787234,0.7272727272727273,0.1523809523809524,15,25,47.2,3600,720
tcn_lstm,2,"{""batch_size"": 32, ""dilations"": ""auto"", ""dropout"": 0.2, ""filters"": 32, ""kernel_size"": 3, ""learning_rate"": 0.001, ""lookback"": 48, ""lstm_units"": 128}",42,fold3,48,32,3,auto,128,0.2,0.001,32,166.0719422229543,12.8868903240058,8.635380621879332,0.9594653508770724,172.4124999999999,109,18.226471227243405,0.28440366972477066,0.8611111111111112,0.42758620689655175,9,19,39.0,4320,744
tcn_lstm,2,"{""batch_size"": 32, ""dilations"": ""auto"", ""dropout"": 0.2, ""filters"": 32, ""kernel_size"": 5, ""learning_rate"": 0.001, ""lookback"": 48, ""lstm_units"": 32}",42,fold1,48,32,5,auto,32,0.2,0.001,32,167.83196539520014,12.954997699544379,8.821561403171991,0.9437112906880866,172.25,24,23.067439715067547,0.0,0.0,0.0,11,21,29.5,2856,744
tcn_lstm,2,"{""batch_size"": 32, ""dilations"": ""auto"", ""dropout"": 0.2, ""filters"": 32, ""kernel_size"": 5, ""learning_rate"": 0.001, ""lookback"": 48, ""lstm_units"": 32}",42,fold2,48,32,5,auto,32,0.2,0.001,32,252.23041750373054,15.881763677366898,10.864550884564718,0.9202600349048612,171.25,94,24.814094137638172,0.06382978723404255,0.5,0.11320754716981132,15,25,43.5,3600,720
tcn_lstm,2,"{""batch_size"": 32, ""dilations"": ""auto"", ""dropout"": 0.2, ""filters"": 32, ""kernel_size"": 5, ""learning_rate"": 0.001, ""lookback"": 48, ""lstm_units"": 32}",42,fold3,48,32,5,auto,32,0.2,0.001,32,280.6683136946522,16.75315831999006,11.27464481322996,0.9314948000050305,172.4124999999999,109,19.40822944291141,0.14678899082568808,0.8421052631578947,0.25,14,24,44.9,4320,744
tcn_lstm,2,"{""batch_size"": 32, ""dilations"": ""auto"", ""dropout"": 0.2, ""filters"": 32, ""kernel_size"": 5, ""learning_rate"": 0.001, ""lookback"": 48, ""lstm_units"": 64}",42,fold1,48,32,5,auto,64,0.2,0.001,32,124.92235225655993,11.17686683541322,7.030652897332304,0.9581026298764237,172.25,24,11.071725845336914,0.25,0.2222222222222222,0.23529411764705882,25,35,46.6,2856,744
tcn_lstm,2,"{""batch_size"": 32, ""dilations"": ""auto"", ""dropout"": 0.2, ""filters"": 32, ""kernel_size"": 5, ""learning_rate"": 0.001, ""lookback"": 48, ""lstm_units"": 64}",42,fold2,48,32,5,auto,64,0.2,0.001,32,236.02748675177375,15.363186087259821,10.135116685761346,0.9253824192127763,171.25,94,25.236968831813083,0.07446808510638298,0.4375,0.12727272727272726,16,26,43.4,3600,720
tcn_lstm,2,"{""batch_size"": 32, ""dilations"": ""auto"", ""dropout"": 0.2, ""filters"": 32, ""kernel_size"": 5, ""learning_rate"": 0.001, ""lookback"": 48, ""lstm_units"": 64}",42,fold3,48,32,5,auto,64,0.2,0.001,32,182.68511005141397,13.51610558006314,8.885439852232574,0.9554104279338406,172.4124999999999,109,18.178046690214664,0.28440366972477066,0.9393939393939394,0.43661971830985913,27,37,65.1,4320,744
tcn_lstm,2,"{""batch_size"": 32, ""dilations"": ""auto"", ""dropout"": 0.2, ""filters"": 32, ""kernel_size"": 5, ""learning_rate"": 0.001, ""lookback"": 48, ""lstm_units"": 128}",42,fold1,48,32,5,auto,128,0.2,0.001,32,202.9960498909996,14.247668226450235,7.321111473985898,0.9319177034191609,172.25,24,15.123823006947836,0.375,0.375,0.375,35,45,59.7,2856,744
tcn_lstm,2,"{""batch_size"": 32, ""dilations"": ""auto"", ""dropout"": 0.2, ""filters"": 32, ""kernel_size"": 5, ""learning_rate"": 0.001, ""lookback"": 48, ""lstm_units"": 128}",42,fold2,48,32,5,auto,128,0.2,0.001,32,201.03971077433218,14.178847300621168,9.150493084059821,0.9364434326417235,171.25,94,21.801326183562583,0.1702127659574468,0.6666666666666666,0.2711864406779661,13,23,40.4,3600,720
tcn_lstm,2,"{""batch_size"": 32, ""dilations"": ""auto"", ""dropout"": 0.2, ""filters"": 32, ""kernel_size"": 5, ""learning_rate"": 0.001, ""lookback"": 48, ""lstm_units"": 128}",42,fold3,48,32,5,auto,128,0.2,0.001,32,182.00899566719545,13.491070960720482,8.125576157723703,0.9555754531570325,172.4124999999999,109,13.734834023571889,0.6697247706422018,0.9012345679012346,0.7684210526315789,18,28,52.5,4320,744
tcn_lstm,2,"{""batch_size"": 32, ""dilations"": ""auto"", ""dropout"": 0.2, ""filters"": 64, ""kernel_size"": 2, ""learning_rate"": 0.001, ""lookback"": 48, ""lstm_units"": 32}",42,fold1,48,64,2,auto,32,0.2,0.001,32,100.16666503038314,10.008329782255537,7.4386485879139235,0.9664053729135422,172.25,24,15.070896784464518,0.0,0.0,0.0,16,26,43.7,2856,744
tcn_lstm,2,"{""batch_size"": 32, ""dilations"": ""auto"", ""dropout"": 0.2, ""filters"": 64, ""kernel_size"": 2, ""learning_rate"": 0.001, ""lookback"": 48, ""lstm_units"": 32}",42,fold2,48,64,2,auto,32,0.2,0.001,32,242.6660894336776,15.57774339991764,10.789458809958564,0.9232836955482219,171.25,94,23.243062851276804,0.05319148936170213,0.5555555555555556,0.0970873786407767,13,23,48.9,3600,720
tcn_lstm,2,"{""batch_size"": 32, ""dilations"": ""auto"", ""dropout"": 0.2, ""filters"": 64, ""kernel_size"": 2, ""learning_rate"": 0.001, ""lookback"": 48, ""lstm_units"": 32}",42,fold3,48,64,2,auto,32,0.2,0.001,32,236.7454672483773,15.386535258087745,10.55641225332855,0.9422154379728201,172.4124999999999,109,23.84538661011862,0.01834862385321101,0.6666666666666666,0.03571428571428571,8,18,40.7,4320,744
tcn_lstm,2,"{""batch_size"": 32, ""dilations"": ""auto"", ""dropout"": 0.2, ""filters"": 64, ""kernel_size"": 2, ""learning_rate"": 0.001, ""lookback"": 48, ""lstm_units"": 64}",42,fold1,48,64,2,auto,64,0.2,0.001,32,81.96842153921,9.053641341427769,6.340142296206567,0.972508832617717,172.25,24,14.677128473917643,0.08333333333333333,0.2857142857142857,0.12903225806451613,15,25,42.3,2856,744
tcn_lstm,2,"{""batch_size"": 32, ""dilations"": ""auto"", ""dropout"": 0.2, ""filters"": 64, ""kernel_size"": 2, ""learning_rate"": 0.001, ""lookback"": 48, ""lstm_units"": 64}",42,fold2,48,64,2,auto,64,0.2,0.001,32,207.10223158973074,14.391046924728261,9.269873107804193,0.9345268311350821,171.25,94,22.188725248296212,0.09574468085106383,0.6428571428571429,0.16666666666666666,13,23,47.8,3600,720
tcn_lstm,2,"{""batch_size"": 32, ""dilations"": ""auto"", ""dropout"": 0.2, ""filters"": 64, ""kernel_size"": 2, ""learning_rate"": 0.001, ""lookback"": 48, ""lstm_units"": 64}",42,fold3,48,64,2,auto,64,0.2,0.001,32,269.01619494880606,16.401713171153983,9.888887120831397,0.9343388357800049,172.4124999999999,109,15.85149292552143,0.46788990825688076,0.8947368421052632,0.6144578313253012,25,35,80.4,4320,744
tcn_lstm,2,"{""batch_size"": 32, ""dilations"": ""auto"", ""dropout"": 0.2, ""filters"": 64, ""kernel_size"": 2, ""learning_rate"": 0.001, ""lookback"": 48, ""lstm_units"": 128}",42,fold1,48,64,2,auto,128,0.2,0.001,32,66.63043093142016,8.16274653112665,5.639710718585599,0.9776529998371007,172.25,24,5.921624501546224,0.5833333333333334,0.3888888888888889,0.4666666666666667,25,35,60.9,2856,744
tcn_lstm,2,"{""batch_size"": 32, ""dilations"": ""auto"", ""dropout"": 0.2, ""filters"": 64, ""kernel_size"": 2, ""learning_rate"": 0.001, ""lookback"": 48, ""lstm_units"": 128}",42,fold2,48,64,2,auto,128,0.2,0.001,32,179.2232543597638,13.387428967496477,8.965170831150479,0.9433404734118819,171.25,94,19.94511218781167,0.13829787234042554,0.8666666666666667,0.23853211009174313,35,45,86.1,3600,720
tcn_lstm,2,"{""batch_size"": 32, ""dilations"": ""auto"", ""dropout"": 0.2, ""filters"": 64, ""kernel_size"": 2, ""learning_rate"": 0.001, ""lookback"": 48, ""lstm_units"": 128}",42,fold3,48,64,2,auto,128,0.2,0.001,32,275.67047981228205,16.603327371713238,10.190939193130822,0.9327146655650091,172.4124999999999,109,16.267463474098694,0.47706422018348627,0.9285714285714286,0.6303030303030303,19,29,67.4,4320,744
tcn_lstm,2,"{""batch_size"": 32, ""dilations"": ""auto"", ""dropout"": 0.2, ""filters"": 64, ""kernel_size"": 3, ""learning_rate"": 0.001, ""lookback"": 48, ""lstm_units"": 32}",42,fold1,48,64,3,auto,32,0.2,0.001,32,116.65252163986054,10.800579689991668,8.55890525797362,0.9608762260179337,172.25,24,16.256085713704426,0.041666666666666664,0.5,0.07692307692307693,18,28,47.2,2856,744
tcn_lstm,2,"{""batch_size"": 32, ""dilations"": ""auto"", ""dropout"": 0.2, ""filters"": 64, ""kernel_size"": 3, ""learning_rate"": 0.001, ""lookback"": 48, ""lstm_units"": 32}",42,fold2,48,64,3,auto,32,0.2,0.001,32,248.60111307461136,15.76708955624377,11.037788303693135,0.921407400917897,171.25,94,25.9589838068536,0.031914893617021274,0.75,0.061224489795918366,5,15,39.2,3600,720
tcn_lstm,2,"{""batch_size"": 32, ""dilations"": ""auto"", ""dropout"": 0.2, ""filters"": 64, ""kernel_size"": 3, ""learning_rate"": 0.001, ""lookback"": 48, ""lstm_units"": 32}",42,fold3,48,64,3,auto,32,0.2,0.001,32,278.8053994527045,16.697466857362063,10.237562876875682,0.9319494979758778,172.4124999999999,109,21.85381226145893,0.10091743119266056,0.9166666666666666,0.18181818181818182,5,15,41.7,4320,744
tcn_lstm,2,"{""batch_size"": 32, ""dilations"": ""auto"", ""dropout"": 0.2, ""filters"": 64, ""kernel_size"": 3, ""learning_rate"": 0.001, ""lookback"": 48, ""lstm_units"": 128}",42,fold1,48,64,3,auto,128,0.2,0.001,32,115.7116805151513,10.75693639077369,7.070310372178272,0.9611917721801486,172.25,24,6.485792795817058,0.625,0.23809523809523808,0.3448275862068966,34,44,74.6,2856,744
tcn_lstm,2,"{""batch_size"": 32, ""dilations"": ""auto"", ""dropout"": 0.2, ""filters"": 64, ""kernel_size"": 3, ""learning_rate"": 0.001, ""lookback"": 48, ""lstm_units"": 128}",42,fold2,48,64,3,auto,128,0.2,0.001,32,182.69951737271558,13.516638538213396,8.90120734638638,0.9422414898156224,171.25,94,20.65082436419548,0.14893617021276595,0.6666666666666666,0.24347826086956523,12,22,45.8,3600,720
tcn_lstm,2,"{""batch_size"": 32, ""dilations"": ""auto"", ""dropout"": 0.2, ""filters"": 64, ""kernel_size"": 3, ""learning_rate"": 0.001, ""lookback"": 48, ""lstm_units"": 128}",42,fold3,48,64,3,auto,128,0.2,0.001,32,174.77203212917263,13.220137371796582,8.574246950046991,0.9573418429144026,172.4124999999999,109,12.085919581422019,0.6972477064220184,0.926829268292683,0.7958115183246073,17,27,58.7,4320,744
tcn_lstm,2,"{""batch_size"": 32, ""dilations"": ""auto"", ""dropout"": 0.2, ""filters"": 64, ""kernel_size"": 5, ""learning_rate"": 0.001, ""lookback"": 48, ""lstm_units"": 32}",42,fold1,48,64,5,auto,32,0.2,0.001,32,182.055025079488,13.492776774240653,9.43039708496422,0.9389410571380613,172.25,24,21.612764358520508,0.0,0.0,0.0,12,22,36.4,2856,744
tcn_lstm,2,"{""batch_size"": 32, ""dilations"": ""auto"", ""dropout"": 0.2, ""filters"": 64, ""kernel_size"": 5, ""learning_rate"": 0.001, ""lookback"": 48, ""lstm_units"": 32}",42,fold2,48,64,5,auto,32,0.2,0.001,32,196.3537409068155,14.012627908669218,9.753608465194702,0.9379248521999619,171.25,94,22.664648502431017,0.02127659574468085,0.6666666666666666,0.041237113402061855,11,21,37.0,3600,720
tcn_lstm,2,"{""batch_size"": 32, ""dilations"": ""auto"", ""dropout"": 0.2, ""filters"": 64, ""kernel_size"": 5, ""learning_rate"": 0.001, ""lookback"": 48, ""lstm_units"": 32}",42,fold3,48,64,5,auto,32,0.2,0.001,32,226.55436583044056,15.051723018659377,11.257791311510148,0.9447028703146281,172.4124999999999,109,20.348346535218965,0.2018348623853211,0.88,0.3283582089552239,26,36,66.6,4320,744
tcn_lstm,2,"{""batch_size"": 32, ""dilations"": ""auto"", ""dropout"": 0.2, ""filters"": 64, ""kernel_size"": 5, ""learning_rate"": 0.001, ""lookback"": 48, ""lstm_units"": 64}",42,fold1,48,64,5,auto,64,0.2,0.001,32,131.39898413153068,11.462939593818449,7.806487596163186,0.9559304498148242,172.25,24,10.230865478515625,0.2916666666666667,0.22580645161290322,0.2545454545454545,10,20,28.8,2856,744
tcn_lstm,2,"{""batch_size"": 32, ""dilations"": ""auto"", ""dropout"": 0.2, ""filters"": 64, ""kernel_size"": 5, ""learning_rate"": 0.001, ""lookback"": 48, ""lstm_units"": 64}",42,fold2,48,64,5,auto,64,0.2,0.001,32,262.5814658322478,16.204365641155096,11.168016711870829,0.9169876610152138,171.25,94,26.763631780096826,0.0,0.0,0.0,17,27,45.6,3600,720
tcn_lstm,2,"{""batch_size"": 32, ""dilations"": ""auto"", ""dropout"": 0.2, ""filters"": 64, ""kernel_size"": 5, ""learning_rate"": 0.001, ""lookback"": 48, ""lstm_units"": 64}",42,fold3,48,64,5,auto,64,0.2,0.001,32,182.79459769664342,13.520155239369236,8.613326723857593,0.9553837043150085,172.4124999999999,109,18.719102911992906,0.29357798165137616,0.8205128205128205,0.43243243243243246,6,16,29.4,4320,744
tcn_lstm,2,"{""batch_size"": 32, ""dilations"": ""auto"", ""dropout"": 0.2, ""filters"": 64, ""kernel_size"": 5, ""learning_rate"": 0.001, ""lookback"": 48, ""lstm_units"": 128}",42,fold1,48,64,5,auto,128,0.2,0.001,32,152.47221911528388,12.347964168853256,7.942772270530782,0.9488627544835506,172.25,24,16.08699099222819,0.125,0.42857142857142855,0.1935483870967742,14,24,34.7,2856,744
tcn_lstm,2,"{""batch_size"": 32, ""dilations"": ""auto"", ""dropout"": 0.2, ""filters"": 64, ""kernel_size"": 5, ""learning_rate"": 0.001, ""lookback"": 48, ""lstm_units"": 128}",42,fold2,48,64,5,auto,128,0.2,0.001,32,211.23245400844922,14.533838240755578,9.629393876923455,0.9332211052247688,171.25,94,22.114386051259142,0.1595744680851064,0.625,0.2542372881355932,14,24,41.8,3600,720
tcn_lstm,2,"{""batch_size"": 32, ""dilations"": ""auto"", ""dropout"": 0.2, ""filters"": 64, ""kernel_size"": 5, ""learning_rate"": 0.001, ""lookback"": 48, ""lstm_units"": 128}",42,fold3,48,64,5,auto,128,0.2,0.001,32,150.93239484068576,12.285454604559238,7.993445788660357,0.9631605942324871,172.4124999999999,109,12.762515426775732,0.6788990825688074,0.8705882352941177,0.7628865979381443,16,26,47.9,4320,744
tcn_lstm,3,"{""batch_size"": 32, ""dilations"": ""auto"", ""dropout"": 0.1, ""filters"": 64, ""kernel_size"": 3, ""learning_rate"": 0.0001, ""lookback"": 48, ""lstm_units"": 64}",42,fold1,48,64,3,auto,64,0.1,0.0001,32,237.73265624260895,15.418581524985006,10.149664155898556,0.9202674868897653,172.25,24,27.021544138590496,0.041666666666666664,0.14285714285714285,0.06451612903225806,49,59,91.0,2856,744
tcn_lstm,3,"{""batch_size"": 32, ""dilations"": ""auto"", ""dropout"": 0.1, ""filters"": 64, ""kernel_size"": 3, ""learning_rate"": 0.0001, ""lookback"": 48, ""lstm_units"": 64}",42,fold2,48,64,3,auto,64,0.1,0.0001,32,394.08511908619533,19.851577244294603,13.990057855182224,0.8754141790215207,171.25,94,34.38259814647918,0.02127659574468085,0.5,0.04081632653061224,33,43,76.6,3600,720
tcn_lstm,3,"{""batch_size"": 32, ""dilations"": ""auto"", ""dropout"": 0.1, ""filters"": 64, ""kernel_size"": 3, ""learning_rate"": 0.0001, ""lookback"": 48, ""lstm_units"": 64}",42,fold3,48,64,3,auto,64,0.1,0.0001,32,603.6482123501627,24.569253394235705,12.227515130914668,0.8526622368970265,172.4124999999999,109,13.788467687204344,0.6330275229357798,0.8214285714285714,0.7150259067357513,66,76,140.7,4320,744
tcn_lstm,3,"{""batch_size"": 32, ""dilations"": ""auto"", ""dropout"": 0.2, ""filters"": 64, ""kernel_size"": 3, ""learning_rate"": 0.0001, ""lookback"": 48, ""lstm_units"": 64}",42,fold1,48,64,3,auto,64,0.2,0.0001,32,219.73996401379688,14.823628571095435,10.268010482993176,0.9263020073115543,172.25,24,24.705634435017902,0.08333333333333333,0.2857142857142857,0.12903225806451613,49,59,83.3,2856,744
tcn_lstm,3,"{""batch_size"": 32, ""dilations"": ""auto"", ""dropout"": 0.2, ""filters"": 64, ""kernel_size"": 3, ""learning_rate"": 0.0001, ""lookback"": 48, ""lstm_units"": 64}",42,fold2,48,64,3,auto,64,0.2,0.0001,32,423.5039288842241,20.57921108507865,14.679253533151414,0.8661137350479042,171.25,94,36.365614464942446,0.031914893617021274,1.0,0.061855670103092786,29,39,68.8,3600,720
tcn_lstm,3,"{""batch_size"": 32, ""dilations"": ""auto"", ""dropout"": 0.2, ""filters"": 64, ""kernel_size"": 3, ""learning_rate"": 0.0001, ""lookback"": 48, ""lstm_units"": 64}",42,fold3,48,64,3,auto,64,0.2,0.0001,32,465.99611549595517,21.58694317164788,11.895829995473227,0.8862602027685266,172.4124999999999,109,17.657103512265266,0.3853211009174312,0.875,0.535031847133758,52,62,113.6,4320,744
tcn_lstm,3,"{""batch_size"": 32, ""dilations"": ""auto"", ""dropout"": 0.3, ""filters"": 64, ""kernel_size"": 3, ""learning_rate"": 0.0001, ""lookback"": 48, ""lstm_units"": 64}",42,fold1,48,64,3,auto,64,0.3,0.0001,32,205.0911222002478,14.321002835005928,9.636877921319776,0.9312150427792463,172.25,24,20.970701217651367,0.125,0.17647058823529413,0.14634146341463414,60,70,98.3,2856,744
tcn_lstm,3,"{""batch_size"": 32, ""dilations"": ""auto"", ""dropout"": 0.3, ""filters"": 64, ""kernel_size"": 3, ""learning_rate"": 0.0001, ""lookback"": 48, ""lstm_units"": 64}",42,fold2,48,64,3,auto,64,0.3,0.0001,32,350.8569949575461,18.731177084143592,12.75952018631829,0.8890802909173862,171.25,94,32.552118098482175,0.031914893617021274,0.5,0.06,61,71,120.8,3600,720
tcn_lstm,3,"{""batch_size"": 32, ""dilations"": ""auto"", ""dropout"": 0.3, ""filters"": 64, ""kernel_size"": 3, ""learning_rate"": 0.0001, ""lookback"": 48, ""lstm_units"": 64}",42,fold3,48,64,3,auto,64,0.3,0.0001,32,493.4498556255681,22.21373124050906,11.824456896833194,0.8795593253754512,172.4124999999999,109,18.886828501290136,0.3669724770642202,0.8163265306122449,0.5063291139240507,43,53,100.3,4320,744
tcn_lstm,3,"{""batch_size"": 32, ""dilations"": ""auto"", ""dropout"": 0.1, ""filters"": 64, ""kernel_size"": 3, ""learning_rate"": 0.0003, ""lookback"": 48, ""lstm_units"": 64}",42,fold1,48,64,3,auto,64,0.1,0.0003,32,190.84494860273264,13.81466425950094,8.437275830135551,0.9359930284421641,172.25,24,21.27355130513509,0.125,0.25,0.16666666666666666,32,42,59.7,2856,744
tcn_lstm,3,"{""batch_size"": 32, ""dilations"": ""auto"", ""dropout"": 0.1, ""filters"": 64, ""kernel_size"": 3, ""learning_rate"": 0.0003, ""lookback"": 48, ""lstm_units"": 64}",42,fold2,48,64,3,auto,64,0.1,0.0003,32,268.33710847484474,16.380998396765833,11.015331716007656,0.9151680757805584,171.25,94,28.897640065943943,0.02127659574468085,0.2857142857142857,0.039603960396039604,13,23,42.0,3600,720
tcn_lstm,3,"{""batch_size"": 32, ""dilations"": ""auto"", ""dropout"": 0.1, ""filters"": 64, ""kernel_size"": 3, ""learning_rate"": 0.0003, ""lookback"": 48, ""lstm_units"": 64}",42,fold3,48,64,3,auto,64,0.1,0.0003,32,243.99681838058555,15.62039751032558,9.575046264997093,0.9404455365079682,172.4124999999999,109,14.867406162646933,0.5412844036697247,0.8805970149253731,0.6704545454545454,35,45,84.5,4320,744
tcn_lstm,3,"{""batch_size"": 32, ""dilations"": ""auto"", ""dropout"": 0.2, ""filters"": 64, ""kernel_size"": 3, ""learning_rate"": 0.0003, ""lookback"": 48, ""lstm_units"": 64}",42,fold1,48,64,3,auto,64,0.2,0.0003,32,187.15372651274626,13.68041397446533,8.503121447819536,0.9372310174434828,172.25,24,20.461588541666668,0.08333333333333333,0.2857142857142857,0.12903225806451613,39,49,69.5,2856,744
tcn_lstm,3,"{""batch_size"": 32, ""dilations"": ""auto"", ""dropout"": 0.2, ""filters"": 64, ""kernel_size"": 3, ""learning_rate"": 0.0003, ""lookback"": 48, ""lstm_units"": 64}",42,fold2,48,64,3,auto,64,0.2,0.0003,32,280.6680905084312,16.75315165896946,11.228781339857314,0.9112697668982348,171.25,94,28.114480120070436,0.06382978723404255,0.46153846153846156,0.11214953271028037,18,28,49.1,3600,720
tcn_lstm,3,"{""batch_size"": 32, ""dilations"": ""auto"", ""dropout"": 0.2, ""filters"": 64, ""kernel_size"": 3, ""learning_rate"": 0.0003, ""lookback"": 48, ""lstm_units"": 64}",42,fold3,48,64,3,auto,64,0.2,0.0003,32,314.29540771719206,17.72837859808934,10.451435840258034,0.9232871374764775,172.4124999999999,109,14.240197837899585,0.5321100917431193,0.8656716417910447,0.6590909090909091,21,31,61.3,4320,744
tcn_lstm,3,"{""batch_size"": 32, ""dilations"": ""auto"", ""dropout"": 0.3, ""filters"": 64, ""kernel_size"": 3, ""learning_rate"": 0.0003, ""lookback"": 48, ""lstm_units"": 64}",42,fold1,48,64,3,auto,64,0.3,0.0003,32,126.43864282990238,11.244493889451066,8.548853945988482,0.9575940852787703,172.25,24,14.081171671549479,0.25,0.2608695652173913,0.2553191489361702,57,67,93.5,2856,744
tcn_lstm,3,"{""batch_size"": 32, ""dilations"": ""auto"", ""dropout"": 0.3, ""filters"": 64, ""kernel_size"": 3, ""learning_rate"": 0.0003, ""lookback"": 48, ""lstm_units"": 64}",42,fold2,48,64,3,auto,64,0.3,0.0003,32,299.5627648706681,17.30788158240829,11.855305295520358,0.9052964164631847,171.25,94,25.705355218116274,0.0425531914893617,0.5714285714285714,0.07920792079207921,31,41,77.4,3600,720
tcn_lstm,3,"{""batch_size"": 32, ""dilations"": ""auto"", ""dropout"": 0.3, ""filters"": 64, ""kernel_size"": 3, ""learning_rate"": 0.0003, ""lookback"": 48, ""lstm_units"": 64}",42,fold3,48,64,3,auto,64,0.3,0.0003,32,331.8156364208851,18.215807322786578,11.40939571011451,0.9190108201554925,172.4124999999999,109,18.445953789107296,0.28440366972477066,0.8611111111111112,0.42758620689655175,28,38,74.2,4320,744
tcn_lstm,3,"{""batch_size"": 32, ""dilations"": ""auto"", ""dropout"": 0.1, ""filters"": 64, ""kernel_size"": 3, ""learning_rate"": 0.001, ""lookback"": 48, ""lstm_units"": 64}",42,fold1,48,64,3,auto,64,0.1,0.001,32,102.37919426316813,10.118260436614989,7.57324723274477,0.9656633187134672,172.25,24,12.955586751302084,0.08333333333333333,0.14285714285714285,0.10526315789473684,20,30,43.5,2856,744
tcn_lstm,3,"{""batch_size"": 32, ""dilations"": ""auto"", ""dropout"": 0.1, ""filters"": 64, ""kernel_size"": 3, ""learning_rate"": 0.001, ""lookback"": 48, ""lstm_units"": 64}",42,fold2,48,64,3,auto,64,0.1,0.001,32,268.2572387816371,16.37856033910298,10.724370119306776,0.9151933257349911,171.25,94,23.9652679930342,0.23404255319148937,0.5641025641025641,0.3308270676691729,8,18,36.1,3600,720
tcn_lstm,3,"{""batch_size"": 32, ""dilations"": ""auto"", ""dropout"": 0.1, ""filters"": 64, ""kernel_size"": 3, ""learning_rate"": 0.001, ""lookback"": 48, ""lstm_units"": 64}",42,fold3,48,64,3,auto,64,0.1,0.001,32,143.37320715822852,11.97385515021075,8.00344003144131,0.965005632089342,172.4124999999999,109,16.384857317723267,0.3577981651376147,0.9069767441860465,0.5131578947368421,11,21,41.3,4320,744
tcn_lstm,3,"{""batch_size"": 32, ""dilations"": ""auto"", ""dropout"": 0.3, ""filters"": 64, ""kernel_size"": 3, ""learning_rate"": 0.001, ""lookback"": 48, ""lstm_units"": 64}",42,fold1,48,64,3,auto,64,0.3,0.001,32,99.08314653781623,9.954051764875258,7.996153200826337,0.9667687712525806,172.25,24,7.440550486246745,0.4583333333333333,0.275,0.34375,21,31,47.1,2856,744
tcn_lstm,3,"{""batch_size"": 32, ""dilations"": ""auto"", ""dropout"": 0.3, ""filters"": 64, ""kernel_size"": 3, ""learning_rate"": 0.001, ""lookback"": 48, ""lstm_units"": 64}",42,fold2,48,64,3,auto,64,0.3,0.001,32,164.31736688829136,12.818633581169694,8.646520288785299,0.9480528112752156,171.25,94,20.97620895061087,0.07446808510638298,0.7,0.1346153846153846,18,28,51.9,3600,720
tcn_lstm,3,"{""batch_size"": 32, ""dilations"": ""auto"", ""dropout"": 0.3, ""filters"": 64, ""kernel_size"": 3, ""learning_rate"": 0.001, ""lookback"": 48, ""lstm_units"": 64}",42,fold3,48,64,3,auto,64,0.3,0.001,32,219.01320830505543,14.799094847491702,10.301300038573562,0.9465435073914309,172.4124999999999,109,18.243096167888115,0.3119266055045872,0.918918918918919,0.4657534246575342,14,24,48.3,4320,744
tcn_lstm,4,"{""batch_size"": 16, ""dilations"": ""auto"", ""dropout"": 0.2, ""filters"": 64, ""kernel_size"": 3, ""learning_rate"": 0.001, ""lookback"": 48, ""lstm_units"": 64}",42,fold1,48,64,3,auto,64,0.2,0.001,16,80.98678437905971,8.99926576888691,6.453692343927199,0.9728380612520082,172.25,24,15.422848383585611,0.041666666666666664,1.0,0.08,10,20,60.2,2856,744
tcn_lstm,4,"{""batch_size"": 16, ""dilations"": ""auto"", ""dropout"": 0.2, ""filters"": 64, ""kernel_size"": 3, ""learning_rate"": 0.001, ""lookback"": 48, ""lstm_units"": 64}",42,fold2,48,64,3,auto,64,0.2,0.001,16,205.80170791927938,14.345790599310984,9.265186187956068,0.9349379778679525,171.25,94,23.317685878023187,0.09574468085106383,0.6,0.1651376146788991,17,27,86.8,3600,720
tcn_lstm,4,"{""batch_size"": 16, ""dilations"": ""auto"", ""dropout"": 0.2, ""filters"": 64, ""kernel_size"": 3, ""learning_rate"": 0.001, ""lookback"": 48, ""lstm_units"": 64}",42,fold3,48,64,3,auto,64,0.2,0.001,16,149.69287066788922,12.234903786621668,8.520047523642098,0.9634631358704734,172.4124999999999,109,16.56209319228426,0.47706422018348627,0.9285714285714286,0.6303030303030303,27,37,136.9,4320,744
tcn_lstm,4,"{""batch_size"": 64, ""dilations"": ""auto"", ""dropout"": 0.2, ""filters"": 64, ""kernel_size"": 3, ""learning_rate"": 0.001, ""lookback"": 48, ""lstm_units"": 64}",42,fold1,48,64,3,auto,64,0.2,0.001,64,120.2467770477309,10.965709144771756,7.931348272549209,0.9596707584100796,172.25,24,12.26196034749349,0.125,0.15789473684210525,0.13953488372093023,32,42,36.0,2856,744
tcn_lstm,4,"{""batch_size"": 64, ""dilations"": ""auto"", ""dropout"": 0.2, ""filters"": 64, ""kernel_size"": 3, ""learning_rate"": 0.001, ""lookback"": 48, ""lstm_units"": 64}",42,fold2,48,64,3,auto,64,0.2,0.001,64,235.6757293584316,15.351733757410972,10.268541688389249,0.9254936235732363,171.25,94,23.953489425334524,0.06382978723404255,0.6,0.11538461538461539,18,28,31.2,3600,720
tcn_lstm,4,"{""batch_size"": 64, ""dilations"": ""auto"", ""dropout"": 0.2, ""filters"": 64, ""kernel_size"": 3, ""learning_rate"": 0.001, ""lookback"": 48, ""lstm_units"": 64}",42,fold3,48,64,3,auto,64,0.2,0.001,64,122.93277922401265,11.087505545613615,8.531496988829746,0.9699947082881594,172.4124999999999,109,14.227310320652952,0.6055045871559633,0.9295774647887324,0.7333333333333333,20,30,35.8,4320,744
tcn_lstm,confirm,"{""batch_size"": 32, ""dilations"": ""auto"", ""dropout"": 0.2, ""filters"": 64, ""kernel_size"": 3, ""learning_rate"": 0.001, ""lookback"": 48, ""lstm_units"": 64}",17,fold1,48,64,3,auto,64,0.2,0.001,32,147.95335588258658,12.163607848109317,8.850068143619005,0.9503783238110423,172.25,24,15.215353012084961,0.125,0.5,0.2,12,22,34.9,2856,744
tcn_lstm,confirm,"{""batch_size"": 32, ""dilations"": ""auto"", ""dropout"": 0.2, ""filters"": 64, ""kernel_size"": 3, ""learning_rate"": 0.001, ""lookback"": 48, ""lstm_units"": 64}",17,fold2,48,64,3,auto,64,0.2,0.001,32,245.94947991066263,15.682776537037778,10.777829927868313,0.9222456865538284,171.25,94,26.061725535291306,0.0425531914893617,0.5714285714285714,0.07920792079207921,20,30,51.6,3600,720
tcn_lstm,confirm,"{""batch_size"": 32, ""dilations"": ""auto"", ""dropout"": 0.2, ""filters"": 64, ""kernel_size"": 3, ""learning_rate"": 0.001, ""lookback"": 48, ""lstm_units"": 64}",17,fold3,48,64,3,auto,64,0.2,0.001,32,186.61182046296298,13.660593708289658,9.484740029099168,0.9544520009617167,172.4124999999999,109,14.584691038919152,0.6605504587155964,0.9230769230769231,0.7700534759358288,9,19,38.2,4320,744
tcn_lstm,confirm,"{""batch_size"": 32, ""dilations"": ""auto"", ""dropout"": 0.2, ""filters"": 64, ""kernel_size"": 3, ""learning_rate"": 0.001, ""lookback"": 48, ""lstm_units"": 64}",73,fold1,48,64,3,auto,64,0.2,0.001,32,110.9783219020688,10.534624905618083,7.714064941611341,0.9627792805335987,172.25,24,14.157400131225586,0.08333333333333333,0.2857142857142857,0.12903225806451613,17,27,39.4,2856,744
tcn_lstm,confirm,"{""batch_size"": 32, ""dilations"": ""auto"", ""dropout"": 0.2, ""filters"": 64, ""kernel_size"": 3, ""learning_rate"": 0.001, ""lookback"": 48, ""lstm_units"": 64}",73,fold2,48,64,3,auto,64,0.2,0.001,32,253.1557241775665,15.910868115145902,10.703533662690056,0.9199675090366324,171.25,94,25.84061862052755,0.0425531914893617,0.6666666666666666,0.08,26,36,63.1,3600,720
tcn_lstm,confirm,"{""batch_size"": 32, ""dilations"": ""auto"", ""dropout"": 0.2, ""filters"": 64, ""kernel_size"": 3, ""learning_rate"": 0.001, ""lookback"": 48, ""lstm_units"": 64}",73,fold3,48,64,3,auto,64,0.2,0.001,32,161.40326277660714,12.704458381867648,8.941129963885071,0.9606048767999464,172.4124999999999,109,19.967096871192304,0.1834862385321101,0.8333333333333334,0.3007518796992481,9,19,38.5,4320,744
tcn_lstm,confirm,"{""batch_size"": 16, ""dilations"": ""auto"", ""dropout"": 0.2, ""filters"": 64, ""kernel_size"": 3, ""learning_rate"": 0.001, ""lookback"": 48, ""lstm_units"": 64}",17,fold1,48,64,3,auto,64,0.2,0.001,16,145.42922798235296,12.059404130484763,9.673678372495917,0.9512248842461046,172.25,24,17.025103251139324,0.0,0.0,0.0,12,22,59.7,2856,744
tcn_lstm,confirm,"{""batch_size"": 16, ""dilations"": ""auto"", ""dropout"": 0.2, ""filters"": 64, ""kernel_size"": 3, ""learning_rate"": 0.001, ""lookback"": 48, ""lstm_units"": 64}",17,fold2,48,64,3,auto,64,0.2,0.001,16,219.3065103326262,14.809000990364819,10.071693192587958,0.9306685781511594,171.25,94,23.446623457239028,0.10638297872340426,0.7692307692307693,0.18691588785046728,10,20,60.0,3600,720
tcn_lstm,confirm,"{""batch_size"": 16, ""dilations"": ""auto"", ""dropout"": 0.2, ""filters"": 64, ""kernel_size"": 3, ""learning_rate"": 0.001, ""lookback"": 48, ""lstm_units"": 64}",17,fold3,48,64,3,auto,64,0.2,0.001,16,132.1329448014237,11.49490951688719,8.258694100123579,0.9677491424294032,172.4124999999999,109,15.776213479698251,0.45871559633027525,0.8928571428571429,0.6060606060606061,6,16,60.4,4320,744
tcn_lstm,confirm,"{""batch_size"": 16, ""dilations"": ""auto"", ""dropout"": 0.2, ""filters"": 64, ""kernel_size"": 3, ""learning_rate"": 0.001, ""lookback"": 48, ""lstm_units"": 64}",73,fold1,48,64,3,auto,64,0.2,0.001,16,162.38453223340477,12.74301896072531,8.341803704538654,0.9455382905746598,172.25,24,17.165701548258465,0.041666666666666664,0.2,0.06896551724137931,28,38,106.0,2856,744
tcn_lstm,confirm,"{""batch_size"": 16, ""dilations"": ""auto"", ""dropout"": 0.2, ""filters"": 64, ""kernel_size"": 3, ""learning_rate"": 0.001, ""lookback"": 48, ""lstm_units"": 64}",73,fold2,48,64,3,auto,64,0.2,0.001,16,221.5327714340788,14.883977003277007,10.5256544219123,0.9299647693707618,171.25,94,25.24114487018991,0.0425531914893617,0.8,0.08080808080808081,15,25,78.3,3600,720
tcn_lstm,confirm,"{""batch_size"": 16, ""dilations"": ""auto"", ""dropout"": 0.2, ""filters"": 64, ""kernel_size"": 3, ""learning_rate"": 0.001, ""lookback"": 48, ""lstm_units"": 64}",73,fold3,48,64,3,auto,64,0.2,0.001,16,131.37943919062963,11.462087034682193,7.604915190768498,0.9679330572143866,172.4124999999999,109,16.47233077582963,0.3211009174311927,0.9210526315789473,0.47619047619047616,14,24,91.5,4320,744
tcn_lstm,confirm,"{""batch_size"": 64, ""dilations"": ""auto"", ""dropout"": 0.2, ""filters"": 64, ""kernel_size"": 3, ""learning_rate"": 0.001, ""lookback"": 48, ""lstm_units"": 64}",17,fold1,48,64,3,auto,64,0.2,0.001,64,138.31255790846308,11.760635948300715,8.774842913432789,0.9536117249895513,172.25,24,14.125432332356771,0.125,0.3,0.17647058823529413,14,24,20.9,2856,744
tcn_lstm,confirm,"{""batch_size"": 64, ""dilations"": ""auto"", ""dropout"": 0.2, ""filters"": 64, ""kernel_size"": 3, ""learning_rate"": 0.001, ""lookback"": 48, ""lstm_units"": 64}",17,fold2,48,64,3,auto,64,0.2,0.001,64,243.46169768875697,15.603259200845091,10.985195196999443,0.9230321724562915,171.25,94,23.96826731905024,0.06382978723404255,0.8571428571428571,0.1188118811881188,12,22,23.4,3600,720
tcn_lstm,confirm,"{""batch_size"": 64, ""dilations"": ""auto"", ""dropout"": 0.2, ""filters"": 64, ""kernel_size"": 3, ""learning_rate"": 0.001, ""lookback"": 48, ""lstm_units"": 64}",17,fold3,48,64,3,auto,64,0.2,0.001,64,134.69443236393488,11.605793051917429,8.261952933444771,0.9671239374839481,172.4124999999999,109,18.351938790137616,0.25688073394495414,0.8484848484848485,0.39436619718309857,16,26,31.8,4320,744
tcn_lstm,confirm,"{""batch_size"": 64, ""dilations"": ""auto"", ""dropout"": 0.2, ""filters"": 64, ""kernel_size"": 3, ""learning_rate"": 0.001, ""lookback"": 48, ""lstm_units"": 64}",73,fold1,48,64,3,auto,64,0.2,0.001,64,139.9789967888789,11.831271985246511,8.025032048584313,0.9530528225569609,172.25,24,19.672126134236652,0.041666666666666664,0.5,0.07692307692307693,31,41,33.6,2856,744
tcn_lstm,confirm,"{""batch_size"": 64, ""dilations"": ""auto"", ""dropout"": 0.2, ""filters"": 64, ""kernel_size"": 3, ""learning_rate"": 0.001, ""lookback"": 48, ""lstm_units"": 64}",73,fold2,48,64,3,auto,64,0.2,0.001,64,241.7025435693056,15.546785634635398,10.85576606326633,0.9235883103300273,171.25,94,24.51257080727435,0.05319148936170213,0.625,0.09803921568627451,13,23,24.1,3600,720
tcn_lstm,confirm,"{""batch_size"": 64, ""dilations"": ""auto"", ""dropout"": 0.2, ""filters"": 64, ""kernel_size"": 3, ""learning_rate"": 0.001, ""lookback"": 48, ""lstm_units"": 64}",73,fold3,48,64,3,auto,64,0.2,0.001,64,210.76056746433179,14.517595099200548,9.05351202205945,0.9485578024995545,172.4124999999999,109,14.461341927904602,0.5688073394495413,0.9117647058823529,0.7005649717514124,39,49,54.5,4320,744
