condition,value,hours,peaks,FN,FP,miss_rate,false_alarm_rate,FN_share,FP_share,hour_share,mean_resid_on_peaks,FN_lift,FP_lift
시간대,00시,121,0,0,0,,0.0,0.0,0.0,0.0415664720027482,,0.0,0.0
시간대,01시,121,0,0,0,,0.0,0.0,0.0,0.0415664720027482,,0.0,0.0
시간대,02시,121,0,0,0,,0.0,0.0,0.0,0.0415664720027482,,0.0,0.0
시간대,03시,121,0,0,0,,0.0,0.0,0.0,0.0415664720027482,,0.0,0.0
시간대,04시,121,0,0,0,,0.0,0.0,0.0,0.0415664720027482,,0.0,0.0
시간대,05시,121,0,0,0,,0.0,0.0,0.0,0.0415664720027482,,0.0,0.0
시간대,06시,121,0,0,0,,0.0,0.0,0.0,0.0415664720027482,,0.0,0.0
시간대,07시,121,0,0,0,,0.0,0.0,0.0,0.0415664720027482,,0.0,0.0
시간대,08시,121,36,14,16,0.3888888888888889,0.18823529411764706,0.24561403508771928,0.1,0.0415664720027482,16.87934388888889,5.908945918515296,2.4057851239669423
시간대,09시,121,38,4,21,0.10526315789473684,0.25301204819277107,0.07017543859649122,0.13125,0.0415664720027482,7.000603421052631,1.6882702624329418,3.1575929752066116
시간대,10시,121,21,11,17,0.5238095238095238,0.17,0.19298245614035087,0.10625,0.0415664720027482,11.920063809523809,4.64274322169059,2.556146694214876
시간대,11시,122,37,3,19,0.08108108108108109,0.2235294117647059,0.05263157894736842,0.11875,0.04190999656475438,9.47899972972973,1.2558239861949956,2.8334528688524587
시간대,12시,122,0,0,0,,0.0,0.0,0.0,0.04190999656475438,,0.0,0.0
시간대,13시,122,28,2,33,0.07142857142857142,0.35106382978723405,0.03508771929824561,0.20625,0.04190999656475438,2.8083542857142865,0.8372159907966638,4.921260245901639
시간대,14시,122,39,3,17,0.07692307692307693,0.20481927710843373,0.05263157894736842,0.10625,0.04190999656475438,6.134237692307691,1.2558239861949956,2.5351946721311474
시간대,15시,122,6,5,8,0.8333333333333334,0.06896551724137931,0.08771929824561403,0.05,0.04190999656475438,17.087389999999996,2.0930399769916592,1.193032786885246
시간대,16시,122,11,7,19,0.6363636363636364,0.17117117117117117,0.12280701754385964,0.11875,0.04190999656475438,15.029159090909088,2.930255967788323,2.8334528688524587
시간대,17시,122,0,0,1,,0.00819672131147541,0.0,0.00625,0.04190999656475438,,0.0,0.14912909836065574
시간대,18시,121,4,3,8,0.75,0.06837606837606838,0.05263157894736842,0.05,0.0415664720027482,20.751232500000008,1.2662026968247062,1.2028925619834712
시간대,19시,121,0,0,1,,0.008264462809917356,0.0,0.00625,0.0415664720027482,,0.0,0.1503615702479339
시간대,20시,121,0,0,0,,0.0,0.0,0.0,0.0415664720027482,,0.0,0.0
시간대,21시,121,1,1,0,1.0,0.0,0.017543859649122806,0.0,0.0415664720027482,49.31551999999999,0.42206756560823544,0.0
시간대,22시,121,2,2,0,1.0,0.0,0.03508771929824561,0.0,0.0415664720027482,60.90047,0.8441351312164709,0.0
시간대,23시,121,2,2,0,1.0,0.0,0.03508771929824561,0.0,0.0415664720027482,62.570445,0.8441351312164709,0.0
요일명,월,432,51,19,24,0.37254901960784315,0.06299212598425197,0.3333333333333333,0.15,0.14840261078667125,12.365441764705883,2.246141975308642,1.0107638888888888
요일명,화,432,42,12,31,0.2857142857142857,0.07948717948717948,0.21052631578947367,0.19375,0.14840261078667125,12.523590952380951,1.418615984405458,1.3055700231481482
요일명,수,408,45,13,40,0.28888888888888886,0.11019283746556474,0.22807017543859648,0.25,0.14015802129852284,9.588124444444444,1.6272359821121432,1.7837009803921569
요일명,목,408,47,9,30,0.19148936170212766,0.08310249307479224,0.15789473684210525,0.1875,0.14015802129852284,11.17188765957447,1.126547987616099,1.3377757352941178
요일명,금,408,40,4,35,0.1,0.09510869565217392,0.07017543859649122,0.21875,0.14015802129852284,8.16318825,0.5006879944960441,1.5607383578431373
요일명,토,402,0,0,0,,0.0,0.0,0.0,0.13809687392648573,,0.0,0.0
요일명,일,421,0,0,0,,0.0,0.0,0.0,0.14462384060460323,,0.0,0.0
일 유형,영업일,2040,224,57,159,0.2544642857142857,0.08755506607929515,1.0,0.99375,0.7007901064926142,10.846920044642856,1.4269607843137255,1.4180422794117649
일 유형,주말,775,0,0,0,,0.0,0.0,0.0,0.2662315355547922,,0.0,0.0
일 유형,공휴일,96,1,0,1,0.0,0.010526315789473684,0.0,0.00625,0.03297835795259361,9.990109999999987,0.0,0.1895182291666667
조업시간대명,심야 00-06,847,0,0,0,,0.0,0.0,0.0,0.29096530401923737,,0.0,0.0
조업시간대명,오전 07-11,606,132,32,73,0.24242424242424243,0.1540084388185654,0.5614035087719298,0.45625,0.20817588457574718,11.172148787878788,2.6967749406519594,2.1916563531353135
조업시간대명,점심 12,122,0,0,0,,0.0,0.0,0.0,0.04190999656475438,,0.0,0.0
조업시간대명,오후 13-17,610,84,17,78,0.20238095238095238,0.1482889733840304,0.2982456140350877,0.4875,0.2095499828237719,6.972789047619047,1.4232671843543283,2.3264139344262293
조업시간대명,야간 18-23,726,9,8,9,0.8888888888888888,0.012552301255230125,0.14035087719298245,0.05625,0.24939883201648919,42.140253333333334,0.5627567541443139,0.22554235537190082
설비 상태,정지 중,1134,21,13,5,0.6190476190476191,0.004492362982929021,0.22807017543859648,0.03125,0.389556853315012,27.44994285714285,0.5854605649927287,0.08021935626102293
설비 상태,기동 직후,107,19,5,9,0.2631578947368421,0.10227272727272728,0.08771929824561403,0.05625,0.03675712813466163,10.603302105263158,2.3864567961960974,1.5303154205607477
설비 상태,가동 중,1670,185,39,146,0.21081081081081082,0.09831649831649832,0.6842105263157895,0.9125,0.5736860185503263,8.982641405405404,1.1926567916797983,1.5905913173652695
월요일기동시간여부,0,2893,218,51,160,0.23394495412844038,0.059813084112149535,0.8947368421052632,1.0,0.9938165578838887,10.246255275229357,0.9003038186548293,1.006221914967162
월요일기동시간여부,1,18,7,6,0,0.8571428571428571,0.0,0.10526315789473684,0.0,0.006183442116111302,29.430935714285713,17.023391812865498,0.0
기온 구간,10~20℃,503,6,3,15,0.5,0.030181086519114688,0.05263157894736842,0.09375,0.17279285468911026,8.821798333333339,0.30459349168149,0.5425571570576541
기온 구간,20~25℃,1487,68,18,82,0.2647058823529412,0.057787174066243834,0.3157894736842105,0.5125,0.5108210237031948,9.86532632352941,0.6181998371854316,1.0032868190988566
기온 구간,25~28℃,575,66,19,40,0.2878787878787879,0.07858546168958742,0.3333333333333333,0.25,0.1975266231535555,11.993413787878788,1.6875362318840579,1.2656521739130435
기온 구간,28℃ 이상,346,85,17,23,0.2,0.08812260536398467,0.2982456140350877,0.14375,0.11885949845413947,10.874846,2.5092282729946254,1.20941112716763
불쾌지수 구간,70 미만,908,14,4,31,0.2857142857142857,0.03467561521252797,0.07017543859649122,0.19375,0.31192030230161455,7.164970714285717,0.2249787464255352,0.6211522577092512
불쾌지수 구간,70~75,1031,63,19,67,0.30158730158730157,0.06921487603305786,0.3333333333333333,0.41875,0.3541738234283751,8.196343809523809,0.9411574523116715,1.1823290494665375
불쾌지수 구간,75~80,710,89,22,45,0.24719101123595505,0.07246376811594203,0.38596491228070173,0.28125,0.24390243902439024,12.663397528089886,1.5824561403508772,1.153125
불쾌지수 구간,80 이상(혹서),262,59,12,17,0.2033898305084746,0.08374384236453201,0.21052631578947367,0.10625,0.09000343524562006,11.79624694915254,2.339092004821213,1.180510496183206
직전 생산량 구간,0 (정지),1134,21,13,5,0.6190476190476191,0.004492362982929021,0.22807017543859648,0.03125,0.389556853315012,27.44994285714285,0.5854605649927287,0.08021935626102293
직전 생산량 구간,1~500,873,36,7,52,0.19444444444444445,0.06212664277180406,0.12280701754385964,0.325,0.29989694263139816,8.750451666666667,0.40949739756033837,1.083705612829324
직전 생산량 구간,501~1000,326,64,11,48,0.171875,0.183206106870229,0.19298245614035087,0.3,0.1119890072140158,8.86778625,1.723226778602949,2.678834355828221
직전 생산량 구간,1001~2000,389,81,19,40,0.2345679012345679,0.12987012987012986,0.3333333333333333,0.25,0.13363105462040537,9.15778172839506,2.4944301628106254,1.8708226221079691
직전 생산량 구간,2000 초과,189,23,7,15,0.30434782608695654,0.09036144578313253,0.12280701754385964,0.09375,0.06492614221916868,10.387673913043477,1.8914879792072772,1.4439484126984126
월,5,384,0,0,10,,0.026041666666666668,0.0,0.0625,0.13191343181037443,,0.0,0.4737955729166667
월,6,720,42,14,35,0.3333333333333333,0.051622418879056046,0.24561403508771928,0.21875,0.24733768464445208,8.889688095238096,0.9930311890838206,0.8844184027777778
월,7,744,104,31,33,0.2980769230769231,0.0515625,0.543859649122807,0.20625,0.2555822741326005,14.689760192307691,2.127923976608187,0.8069808467741935
월,8,727,55,8,47,0.14545454545454545,0.06994047619047619,0.14035087719298245,0.29375,0.24974235657849536,7.302406727272728,0.561982673327059,1.1762121733149933
월,9,336,24,4,35,0.16666666666666666,0.11217948717948718,0.07017543859649122,0.21875,0.11542425283407763,5.70691125,0.6079782790309106,1.8951822916666667
