data_type,model,structure_parameter,structure_value,learning_rate,validation_RMSE_example
synthetic,XGBoost,max_depth,3,.01,18.8
synthetic,XGBoost,max_depth,3,.05,16.1
synthetic,XGBoost,max_depth,3,.10,17.4
synthetic,XGBoost,max_depth,5,.01,17.2
synthetic,XGBoost,max_depth,5,.05,14.5
synthetic,XGBoost,max_depth,5,.10,15.9
synthetic,XGBoost,max_depth,7,.01,17.6
synthetic,XGBoost,max_depth,7,.05,15.2
synthetic,XGBoost,max_depth,7,.10,17.8
synthetic,LightGBM,num_leaves,7,.01,19.0
synthetic,LightGBM,num_leaves,7,.05,16.4
synthetic,LightGBM,num_leaves,7,.10,17.0
synthetic,LightGBM,num_leaves,15,.01,17.6
synthetic,LightGBM,num_leaves,15,.05,14.8
synthetic,LightGBM,num_leaves,15,.10,15.5
synthetic,LightGBM,num_leaves,31,.01,17.4
synthetic,LightGBM,num_leaves,31,.05,15.3
synthetic,LightGBM,num_leaves,31,.10,17.2
synthetic,LSTM,hidden_size,32,.0001,20.1
synthetic,LSTM,hidden_size,32,.0003,18.2
synthetic,LSTM,hidden_size,32,.001,18.9
synthetic,LSTM,hidden_size,64,.0001,18.7
synthetic,LSTM,hidden_size,64,.0003,16.2
synthetic,LSTM,hidden_size,64,.001,16.8
synthetic,LSTM,hidden_size,128,.0001,18.4
synthetic,LSTM,hidden_size,128,.0003,16.7
synthetic,LSTM,hidden_size,128,.001,18.5
