data_type,model,scope,validation_RMSE,illustrative_sd,train_RMSE
synthetic,Chronos-2,ZS,18.5,0.0,
synthetic,Chronos-2,F0,17.1,0.5,14.8
synthetic,Chronos-2,F1,16.2,0.4,13.9
synthetic,Chronos-2,F2,15.5,0.35,13.0
synthetic,Chronos-2,F3,15.0,0.3,12.100000000000001
synthetic,Chronos-2,F4,14.6,0.35,11.2
synthetic,Chronos-2,F5,14.8,0.4,10.3
synthetic,Chronos-2,F6,15.3,0.55,9.4
synthetic,Chronos-2,F7,16.0,0.65,8.5
synthetic,TimesFM 3.0,ZS,17.8,0.0,
synthetic,TimesFM 3.0,F0,17.1,0.5,14.8
synthetic,TimesFM 3.0,F1,16.8,0.4,13.9
synthetic,TimesFM 3.0,F2,16.4,0.35,13.0
synthetic,TimesFM 3.0,F3,16.0,0.3,12.100000000000001
synthetic,TimesFM 3.0,F4,15.7,0.35,11.2
synthetic,TimesFM 3.0,F5,15.4,0.4,10.3
synthetic,TimesFM 3.0,F6,15.2,0.55,9.4
synthetic,TimesFM 3.0,F7,15.0,0.65,8.5
synthetic,Moirai 2.0,ZS,19.4,0.0,
synthetic,Moirai 2.0,F0,18.3,0.5,14.8
synthetic,Moirai 2.0,F1,17.6,0.4,13.9
synthetic,Moirai 2.0,F2,17.2,0.35,13.0
synthetic,Moirai 2.0,F3,17.1,0.3,12.100000000000001
synthetic,Moirai 2.0,F4,17.0,0.35,11.2
synthetic,Moirai 2.0,F5,17.1,0.4,10.3
synthetic,Moirai 2.0,F6,17.0,0.55,9.4
synthetic,Moirai 2.0,F7,17.2,0.65,8.5
