data_type,hour,synthetic_target,candidate_A,candidate_B
synthetic,0,63.0,63.0,63.0
synthetic,1,68.52900842139167,70.21195039100746,70.49217660216858
synthetic,2,72.27756813566454,74.0961629893159,75.98778695408296
synthetic,3,72.92893218813452,73.21117220425425,77.9777580969819
synthetic,4,71.5,69.98639500938414,77.33162740817988
synthetic,5,70.65032876495131,68.73248021562503,76.6227765114619
synthetic,6,73.0,72.44116900360214,78.45578456095409
synthetic,7,79.45017629843703,80.7641494958746,83.78869158886698
synthetic,8,88.5,90.47871649324676,91.24363575981488
synthetic,9,96.97056274847714,97.79479971896065,97.81728279683634
synthetic,10,101.72243186433546,100.63438964255673,100.57902408708254
synthetic,11,101.37048651522001,99.3705061021186,98.36282422368994
synthetic,12,97.0,95.92685416399912,92.45918502815243
synthetic,13,91.47099157860833,92.31132565226162,85.89690457098376
synthetic,14,87.72243186433546,89.7036465757252,81.72870236174789
synthetic,15,87.07106781186546,88.3716434921797,81.31752216388664
synthetic,16,88.5,87.92419336666987,83.62002365059452
synthetic,17,89.34967123504869,87.42687625128957,85.88048178458284
synthetic,18,87.0,85.49802550645664,85.32350701080645
synthetic,19,80.54982370156299,80.84957812088889,80.85058576085602
synthetic,20,71.5,73.32589050145526,73.74490738342732
synthetic,21,63.029437251522864,64.70274852859498,66.9713568438356
synthetic,22,58.27756813566455,58.259865517083746,63.48254935337739
synthetic,23,58.62951348477999,56.937072676429466,64.52456020669818
synthetic,24,62.99999999999999,61.18884327597713,68.93614947973822
synthetic,25,68.52900842139167,68.26430492080725,73.8527730698765
synthetic,26,72.27756813566458,73.80268502444923,76.40287542373412
synthetic,27,72.92893218814137,74.84168374961152,75.401643036305
synthetic,28,71.50000000079162,72.04180602605481,72.04790222454457
synthetic,29,70.65032882560375,69.32298020576766,69.21309086151969
synthetic,30,73.0000030741383,71.02302742237171,69.73568089374903
synthetic,31,79.4502793697729,78.63422602543822,74.7168720935003
synthetic,32,88.50228608238731,89.55108672905632,82.8123288165413
synthetic,33,97.00410446783178,98.72016982136472,90.94335786423865
synthetic,34,102.04798226506674,101.95192277940723,96.13965060485249
synthetic,35,103.46069986890113,98.96650149736716,97.98230714165123
synthetic,36,105.87774102533766,95.01024177080761,100.75460175712566
synthetic,37,116.41428503802625,98.31676361775693,111.42644419542881
synthetic,38,134.08255606827626,110.02833511227934,129.40183295725234
synthetic,39,144.07106781186548,117.99865858443366,140.59207003282532
synthetic,40,134.86012420394079,111.70339241148379,133.74234238709977
synthetic,41,114.29296469446659,97.16527420330185,116.03877610236864
synthetic,42,95.87774102533764,85.16075638186256,99.91768339929747
synthetic,43,82.64003705524412,77.33865453744527,87.7454273723334
synthetic,44,71.82555040073133,70.7067293930426,76.7565757104181
synthetic,45,63.06297897087752,64.48102765326416,66.9039006475313
synthetic,46,58.27985421805185,60.02937819753496,60.46384042535204
synthetic,47,58.629616556115906,58.86878474791094,58.87561615927292
synthetic,48,63.0000030741383,61.46258134763233,61.27238765902542
synthetic,49,68.5290084820441,66.62142231641891,65.01660710107946
synthetic,50,72.27756813645615,71.75281266673942,67.36688337519386
synthetic,51,72.92893218814415,74.26938627924022,67.16054618226694
synthetic,52,71.50000000052773,73.4731974214269,65.5089182216609
synthetic,53,70.65032882594998,71.4415274090813,65.0959494532116
synthetic,54,73.00000427633663,71.87672756884625,68.49265614326012
synthetic,55,79.45035813289792,77.41223870345594,76.4791149204928
synthetic,56,88.5046895725553,87.25890302075176,87.36279005122829
synthetic,57,97.04392000565376,97.09180318907829,97.73707168186368
synthetic,58,102.41842614210736,101.80571927217524,104.55957160938497
synthetic,59,105.37565704857086,100.30346052881784,108.16426893384589
synthetic,60,110.97941876451485,98.36233669834232,113.45522506288859
synthetic,61,121.0654213353217,101.52821571429371,122.6414762716475
synthetic,62,125.72243186433546,104.24407047103702,126.54133786353646
synthetic,63,116.66549756857887,99.39523888817328,117.2841888795424
synthetic,64,102.47941876451479,92.31201001694028,103.14589024701824
synthetic,65,93.35484176839952,88.66282659334844,93.68133027410535
synthetic,66,87.69599427777194,85.04443980362281,86.99327338050422
synthetic,67,80.62318095873967,78.0876946737179,78.40379346338287
synthetic,68,71.5046895725553,69.50614966354699,67.7022081726021
synthetic,69,63.02961908598377,62.761440375692835,57.94264439025161
synthetic,70,58.27757241200119,59.81965516533944,52.43225583413947
synthetic,71,58.62951354577867,60.53097113544394,52.66222050474738
