feature_a,feature_b,joint,interaction
시간_cos,강수량,16.526325225830078,0.19790649414062383
생산량,강수량,2.040842374165853,0.17941379547119157
주말여부,강수량,5.062750816345215,-0.30185985565185575
주말여부,생산량,6.003746668497722,-0.6236419677734375
시간_sin,생산량,10.092590967814127,-0.9773724873860683
시간_sin,강수량,8.747264862060547,-1.0599206288655598
시간_cos,생산량,16.517297744750977,-1.0738989512125663
전력_평균_실수,강수량,57.7049249013265,-1.9699872334798176
전력_평균_실수,생산량,58.04675483703613,-2.890935262044273
전력_평균_실수,주말여부,61.32644081115723,-3.1144313812255886
시간_cos,주말여부,17.68875249226888,-3.405626296997073
시간_sin,주말여부,10.880254745483398,-3.692890803019206
시간_cos,시간_sin,19.440185546875,-6.096768061319988
전력_평균_실수,시간_sin,60.09752082824707,-8.785926183064781
전력_평균_실수,시간_cos,62.179470698038735,-13.225209554036464
