candidate,params,rmse,rmse_std,mae,r2,peak_mae
1,"{""colsample_bytree"": 0.8, ""learning_rate"": 0.01, ""min_child_samples"": 20, ""n_estimators"": 200, ""num_leaves"": 7}",18.104694915009816,5.345940159090111,13.586068739158337,0.9030144137440113,36.24706223728182
2,"{""colsample_bytree"": 1.0, ""learning_rate"": 0.01, ""min_child_samples"": 20, ""n_estimators"": 200, ""num_leaves"": 7}",18.22051870996417,5.873917727890886,13.572522833397082,0.9012953164940769,36.08793802052771
3,"{""colsample_bytree"": 0.8, ""learning_rate"": 0.01, ""min_child_samples"": 50, ""n_estimators"": 200, ""num_leaves"": 7}",18.25652702801766,5.15010853704366,13.65010669480828,0.9015495140516668,35.82490263710483
4,"{""colsample_bytree"": 1.0, ""learning_rate"": 0.01, ""min_child_samples"": 50, ""n_estimators"": 200, ""num_leaves"": 7}",18.280811228041244,5.559731418727301,13.689820345883348,0.9009500910779712,35.83834918083045
5,"{""colsample_bytree"": 0.8, ""learning_rate"": 0.01, ""min_child_samples"": 20, ""n_estimators"": 500, ""num_leaves"": 7}",13.39892635273583,3.6236505909697887,8.182028130879763,0.9470524711338197,21.262695914781347
6,"{""colsample_bytree"": 1.0, ""learning_rate"": 0.01, ""min_child_samples"": 20, ""n_estimators"": 500, ""num_leaves"": 7}",13.665874822925646,4.06714460785139,8.30425068176375,0.944707935536107,21.73042276818039
7,"{""colsample_bytree"": 0.8, ""learning_rate"": 0.01, ""min_child_samples"": 50, ""n_estimators"": 500, ""num_leaves"": 7}",13.534337280987494,3.614152521395217,8.290222421085579,0.9459737150170683,21.86335481300486
8,"{""colsample_bytree"": 1.0, ""learning_rate"": 0.01, ""min_child_samples"": 50, ""n_estimators"": 500, ""num_leaves"": 7}",13.679307992426134,3.9528827896177514,8.459149080680385,0.9446350820200532,22.15312672453921
9,"{""colsample_bytree"": 0.8, ""learning_rate"": 0.01, ""min_child_samples"": 20, ""n_estimators"": 1000, ""num_leaves"": 7}",13.035694940336404,3.3896040942428436,7.925933852370929,0.9499292221545147,19.29926590175297
10,"{""colsample_bytree"": 1.0, ""learning_rate"": 0.01, ""min_child_samples"": 20, ""n_estimators"": 1000, ""num_leaves"": 7}",13.380672017823288,3.8470915641220813,8.09910880132147,0.9470752117078393,19.937198248630377
11,"{""colsample_bytree"": 0.8, ""learning_rate"": 0.01, ""min_child_samples"": 50, ""n_estimators"": 1000, ""num_leaves"": 7}",13.284843174693316,3.397328467216977,8.22092150349881,0.948015301721929,20.058959857631947
12,"{""colsample_bytree"": 1.0, ""learning_rate"": 0.01, ""min_child_samples"": 50, ""n_estimators"": 1000, ""num_leaves"": 7}",13.409268012330058,3.8048003319468386,8.319454915579335,0.9468367848196445,20.564178879612015
13,"{""colsample_bytree"": 0.8, ""learning_rate"": 0.05, ""min_child_samples"": 20, ""n_estimators"": 200, ""num_leaves"": 7}",13.113867117095657,3.4304844248433217,8.010667511772745,0.9493304201438709,19.470447877916374
14,"{""colsample_bytree"": 1.0, ""learning_rate"": 0.05, ""min_child_samples"": 20, ""n_estimators"": 200, ""num_leaves"": 7}",13.529857618015818,4.053830429839749,8.243188194360608,0.9458128594004821,20.08491089216295
15,"{""colsample_bytree"": 0.8, ""learning_rate"": 0.05, ""min_child_samples"": 50, ""n_estimators"": 200, ""num_leaves"": 7}",13.218479855253129,3.1685124348836857,8.183909817595774,0.9486166495905062,20.02408511372101
16,"{""colsample_bytree"": 1.0, ""learning_rate"": 0.05, ""min_child_samples"": 50, ""n_estimators"": 200, ""num_leaves"": 7}",13.505224957898179,4.008835017803723,8.317904686202862,0.9459585925881377,20.500351240286406
17,"{""colsample_bytree"": 0.8, ""learning_rate"": 0.05, ""min_child_samples"": 20, ""n_estimators"": 500, ""num_leaves"": 7}",13.237486671351197,3.5557392388371043,8.41123260211214,0.9483425691555419,17.832922865164324
18,"{""colsample_bytree"": 1.0, ""learning_rate"": 0.05, ""min_child_samples"": 20, ""n_estimators"": 500, ""num_leaves"": 7}",13.551384760606359,4.139948789474725,8.49981112212026,0.9456082588880986,18.495061993554632
19,"{""colsample_bytree"": 0.8, ""learning_rate"": 0.05, ""min_child_samples"": 50, ""n_estimators"": 500, ""num_leaves"": 7}",13.226295314319492,3.17571201393912,8.486263948814772,0.9485808625800419,18.467816766102242
20,"{""colsample_bytree"": 1.0, ""learning_rate"": 0.05, ""min_child_samples"": 50, ""n_estimators"": 500, ""num_leaves"": 7}",13.462388424721345,3.9558506847639,8.463522089126629,0.9463760664185844,19.484510700315514
21,"{""colsample_bytree"": 0.8, ""learning_rate"": 0.05, ""min_child_samples"": 20, ""n_estimators"": 1000, ""num_leaves"": 7}",13.478800796846292,3.7654292244634973,8.784118368882831,0.9463793136098207,17.571089835022942
22,"{""colsample_bytree"": 1.0, ""learning_rate"": 0.05, ""min_child_samples"": 20, ""n_estimators"": 1000, ""num_leaves"": 7}",13.718896232828413,4.208390387179201,8.812524718407536,0.9442613598701123,18.42738547627576
23,"{""colsample_bytree"": 0.8, ""learning_rate"": 0.05, ""min_child_samples"": 50, ""n_estimators"": 1000, ""num_leaves"": 7}",13.479489583242668,3.4602212071961804,8.87362739045023,0.9465393919346012,18.07484803076574
24,"{""colsample_bytree"": 1.0, ""learning_rate"": 0.05, ""min_child_samples"": 50, ""n_estimators"": 1000, ""num_leaves"": 7}",13.506022500476297,4.105364233333222,8.68499245835422,0.9459483922673866,18.925042683568453
25,"{""colsample_bytree"": 0.8, ""learning_rate"": 0.1, ""min_child_samples"": 20, ""n_estimators"": 200, ""num_leaves"": 7}",13.140918761616575,3.370621946734087,8.438992629477475,0.9491223898794625,17.940284896482776
26,"{""colsample_bytree"": 1.0, ""learning_rate"": 0.1, ""min_child_samples"": 20, ""n_estimators"": 200, ""num_leaves"": 7}",13.662949988888272,4.032418967822317,8.512130089083925,0.944797433368329,19.081575343734883
27,"{""colsample_bytree"": 0.8, ""learning_rate"": 0.1, ""min_child_samples"": 50, ""n_estimators"": 200, ""num_leaves"": 7}",13.256754556217993,3.608005826937373,8.56816588233045,0.9481721229902292,19.545525803182333
28,"{""colsample_bytree"": 1.0, ""learning_rate"": 0.1, ""min_child_samples"": 50, ""n_estimators"": 200, ""num_leaves"": 7}",13.461216132482475,4.037354805500481,8.636885060082262,0.9463440265299728,19.55323171948126
29,"{""colsample_bytree"": 0.8, ""learning_rate"": 0.1, ""min_child_samples"": 20, ""n_estimators"": 500, ""num_leaves"": 7}",13.33440365084122,3.5782840526909587,8.762714269030761,0.9475760207763487,17.08614049839296
30,"{""colsample_bytree"": 1.0, ""learning_rate"": 0.1, ""min_child_samples"": 20, ""n_estimators"": 500, ""num_leaves"": 7}",13.925870552994235,4.265957582445331,9.042927898304361,0.9425589734853305,19.094172619264118
31,"{""colsample_bytree"": 0.8, ""learning_rate"": 0.1, ""min_child_samples"": 50, ""n_estimators"": 500, ""num_leaves"": 7}",13.403685533142317,3.69071288285124,8.90710983798096,0.9470188066231163,18.709363209659752
32,"{""colsample_bytree"": 1.0, ""learning_rate"": 0.1, ""min_child_samples"": 50, ""n_estimators"": 500, ""num_leaves"": 7}",13.6873687155634,4.219084408136825,8.969805693828935,0.9444807580606019,18.914020237926124
33,"{""colsample_bytree"": 0.8, ""learning_rate"": 0.1, ""min_child_samples"": 20, ""n_estimators"": 1000, ""num_leaves"": 7}",13.580226295234775,3.787300351941721,9.060167528284387,0.9455724793941073,17.13382764098428
34,"{""colsample_bytree"": 1.0, ""learning_rate"": 0.1, ""min_child_samples"": 20, ""n_estimators"": 1000, ""num_leaves"": 7}",14.151787493337764,4.399402105103976,9.306167299503405,0.9406424817250961,19.103635295056595
35,"{""colsample_bytree"": 0.8, ""learning_rate"": 0.1, ""min_child_samples"": 50, ""n_estimators"": 1000, ""num_leaves"": 7}",13.618241319250467,3.8115573237810945,9.20459362545739,0.9452960291310796,19.218543783727515
36,"{""colsample_bytree"": 1.0, ""learning_rate"": 0.1, ""min_child_samples"": 50, ""n_estimators"": 1000, ""num_leaves"": 7}",13.885976433326809,4.345235713004367,9.202585643193332,0.9428312347480082,19.294292455305506
37,"{""colsample_bytree"": 0.8, ""learning_rate"": 0.01, ""min_child_samples"": 20, ""n_estimators"": 200, ""num_leaves"": 15}",17.034769354633696,5.028381830217275,12.852121890773347,0.914053563825024,32.98359917861034
38,"{""colsample_bytree"": 1.0, ""learning_rate"": 0.01, ""min_child_samples"": 20, ""n_estimators"": 200, ""num_leaves"": 15}",17.598392610941303,6.365944111949175,13.042320616079541,0.9071496001082863,34.375600198297995
39,"{""colsample_bytree"": 0.8, ""learning_rate"": 0.01, ""min_child_samples"": 50, ""n_estimators"": 200, ""num_leaves"": 15}",17.175016472322074,4.717752690114566,12.8731150654722,0.9129572757384982,33.14166652672592
40,"{""colsample_bytree"": 1.0, ""learning_rate"": 0.01, ""min_child_samples"": 50, ""n_estimators"": 200, ""num_leaves"": 15}",16.990075805732747,4.876024214726251,12.828218433233252,0.9145750287487268,32.72117718820232
41,"{""colsample_bytree"": 0.8, ""learning_rate"": 0.01, ""min_child_samples"": 20, ""n_estimators"": 500, ""num_leaves"": 15}",13.09162232636328,3.9843383603325897,7.949734381695136,0.9491789076804625,20.689977468353533
42,"{""colsample_bytree"": 1.0, ""learning_rate"": 0.01, ""min_child_samples"": 20, ""n_estimators"": 500, ""num_leaves"": 15}",13.91214127978941,5.631094349991475,8.510169937051462,0.9413499237480293,21.7119133636521
43,"{""colsample_bytree"": 0.8, ""learning_rate"": 0.01, ""min_child_samples"": 50, ""n_estimators"": 500, ""num_leaves"": 15}",12.87080885305028,3.352436675950388,7.954810294854781,0.9511547256989319,20.39610335024269
44,"{""colsample_bytree"": 1.0, ""learning_rate"": 0.01, ""min_child_samples"": 50, ""n_estimators"": 500, ""num_leaves"": 15}",13.082275230522773,4.039435290740065,8.242124231767162,0.9491365310180241,20.771108787303515
45,"{""colsample_bytree"": 0.8, ""learning_rate"": 0.01, ""min_child_samples"": 20, ""n_estimators"": 1000, ""num_leaves"": 15}",13.095990339725782,4.035271636652599,8.095628109280193,0.949116869840688,19.63859210045912
46,"{""colsample_bytree"": 1.0, ""learning_rate"": 0.01, ""min_child_samples"": 20, ""n_estimators"": 1000, ""num_leaves"": 15}",13.941069272367637,5.618605333894531,8.643625622771841,0.9411422218803911,20.65437587967605
47,"{""colsample_bytree"": 0.8, ""learning_rate"": 0.01, ""min_child_samples"": 50, ""n_estimators"": 1000, ""num_leaves"": 15}",12.83914431850816,3.3512289008132163,8.091544530043057,0.9513971693061736,19.127958886421528
48,"{""colsample_bytree"": 1.0, ""learning_rate"": 0.01, ""min_child_samples"": 50, ""n_estimators"": 1000, ""num_leaves"": 15}",13.032035310013477,4.042548737469584,8.388791722297729,0.9495282543602386,19.523690570399385
49,"{""colsample_bytree"": 0.8, ""learning_rate"": 0.05, ""min_child_samples"": 20, ""n_estimators"": 200, ""num_leaves"": 15}",13.051344233862116,3.7041658074857655,8.088275087627139,0.9496547913977654,19.9532543611607
50,"{""colsample_bytree"": 1.0, ""learning_rate"": 0.05, ""min_child_samples"": 20, ""n_estimators"": 200, ""num_leaves"": 15}",14.06274372532456,5.583809757904027,8.636851329532321,0.9402095644274008,20.830219297417557
51,"{""colsample_bytree"": 0.8, ""learning_rate"": 0.05, ""min_child_samples"": 50, ""n_estimators"": 200, ""num_leaves"": 15}",12.827313597277213,3.2076830896757285,8.181755870101062,0.9514916816010651,19.146957356543034
52,"{""colsample_bytree"": 1.0, ""learning_rate"": 0.05, ""min_child_samples"": 50, ""n_estimators"": 200, ""num_leaves"": 15}",13.031511398802317,3.983283087026398,8.360529237536708,0.9495978861730382,19.344639021277548
53,"{""colsample_bytree"": 0.8, ""learning_rate"": 0.05, ""min_child_samples"": 20, ""n_estimators"": 500, ""num_leaves"": 15}",13.05605064627091,3.9112070825687786,8.221234575411485,0.9495272296137798,19.11053953287177
54,"{""colsample_bytree"": 1.0, ""learning_rate"": 0.05, ""min_child_samples"": 20, ""n_estimators"": 500, ""num_leaves"": 15}",14.253951370589867,5.821086966621462,8.980721664026294,0.9384081178625383,20.48415961135648
55,"{""colsample_bytree"": 0.8, ""learning_rate"": 0.05, ""min_child_samples"": 50, ""n_estimators"": 500, ""num_leaves"": 15}",13.042257711357808,3.4659718246969105,8.519596452985573,0.9498448500055784,18.49255855921368
56,"{""colsample_bytree"": 1.0, ""learning_rate"": 0.05, ""min_child_samples"": 50, ""n_estimators"": 500, ""num_leaves"": 15}",13.259843630380745,4.187231662449462,8.660322760643938,0.9477715899180931,18.835564346240833
57,"{""colsample_bytree"": 0.8, ""learning_rate"": 0.05, ""min_child_samples"": 20, ""n_estimators"": 1000, ""num_leaves"": 15}",13.146402687811824,3.949745635787677,8.33282441668639,0.9488299805548511,19.104899669626786
58,"{""colsample_bytree"": 1.0, ""learning_rate"": 0.05, ""min_child_samples"": 20, ""n_estimators"": 1000, ""num_leaves"": 15}",14.401978278880497,5.967997504854405,9.156202617654214,0.9370259937955602,20.4987699998513
59,"{""colsample_bytree"": 0.8, ""learning_rate"": 0.05, ""min_child_samples"": 50, ""n_estimators"": 1000, ""num_leaves"": 15}",13.25586726968932,3.629866586866961,8.727927484154764,0.9481527352690186,18.722916235395154
60,"{""colsample_bytree"": 1.0, ""learning_rate"": 0.05, ""min_child_samples"": 50, ""n_estimators"": 1000, ""num_leaves"": 15}",13.390094208536432,4.259131241973182,8.829466361991516,0.9467376976993127,18.863586863979943
61,"{""colsample_bytree"": 0.8, ""learning_rate"": 0.1, ""min_child_samples"": 20, ""n_estimators"": 200, ""num_leaves"": 15}",12.952161553451111,4.0180441399401845,8.230971833017522,0.9502115143172333,18.848586321662122
62,"{""colsample_bytree"": 1.0, ""learning_rate"": 0.1, ""min_child_samples"": 20, ""n_estimators"": 200, ""num_leaves"": 15}",14.683655242033849,6.127144073411358,9.20751349117642,0.9344635769254879,21.648202037275663
63,"{""colsample_bytree"": 0.8, ""learning_rate"": 0.1, ""min_child_samples"": 50, ""n_estimators"": 200, ""num_leaves"": 15}",13.131088850672873,3.8505853159999037,8.5632412090269,0.9490107449495416,18.433693681830647
64,"{""colsample_bytree"": 1.0, ""learning_rate"": 0.1, ""min_child_samples"": 50, ""n_estimators"": 200, ""num_leaves"": 15}",13.156994189363592,4.202294095552086,8.61407533053807,0.9485405182199611,18.686996235931172
65,"{""colsample_bytree"": 0.8, ""learning_rate"": 0.1, ""min_child_samples"": 20, ""n_estimators"": 500, ""num_leaves"": 15}",13.08312944281696,4.203307268629621,8.413680334448527,0.9491023097750501,18.49684492361161
66,"{""colsample_bytree"": 1.0, ""learning_rate"": 0.1, ""min_child_samples"": 20, ""n_estimators"": 500, ""num_leaves"": 15}",14.75382752839139,6.179397798846574,9.366729037484639,0.9338213781769911,21.606569289743387
67,"{""colsample_bytree"": 0.8, ""learning_rate"": 0.1, ""min_child_samples"": 50, ""n_estimators"": 500, ""num_leaves"": 15}",13.33461575658256,3.9706701128259727,8.755432203993614,0.9473990212977643,18.52556282701337
68,"{""colsample_bytree"": 1.0, ""learning_rate"": 0.1, ""min_child_samples"": 50, ""n_estimators"": 500, ""num_leaves"": 15}",13.410066648146602,4.475328170755224,8.91453815981313,0.9464133116458662,18.52162077976497
69,"{""colsample_bytree"": 0.8, ""learning_rate"": 0.1, ""min_child_samples"": 20, ""n_estimators"": 1000, ""num_leaves"": 15}",13.115874306182254,4.212055522574734,8.437483553136705,0.9488528262516976,18.485213286023857
70,"{""colsample_bytree"": 1.0, ""learning_rate"": 0.1, ""min_child_samples"": 20, ""n_estimators"": 1000, ""num_leaves"": 15}",14.794676567422774,6.2066138784291995,9.418929604115908,0.9334419641174941,21.586321916675967
71,"{""colsample_bytree"": 0.8, ""learning_rate"": 0.1, ""min_child_samples"": 50, ""n_estimators"": 1000, ""num_leaves"": 15}",13.404697988157933,4.0669549428351965,8.82684978205136,0.9468021884732992,18.35380088442113
72,"{""colsample_bytree"": 1.0, ""learning_rate"": 0.1, ""min_child_samples"": 50, ""n_estimators"": 1000, ""num_leaves"": 15}",13.494299842719235,4.548328910145763,8.9874656986116,0.9457076356343537,18.524356325726377
73,"{""colsample_bytree"": 0.8, ""learning_rate"": 0.01, ""min_child_samples"": 20, ""n_estimators"": 200, ""num_leaves"": 31}",17.216785897426195,5.363616158769001,13.003719042404176,0.9120652102654088,31.956737566457463
74,"{""colsample_bytree"": 1.0, ""learning_rate"": 0.01, ""min_child_samples"": 20, ""n_estimators"": 200, ""num_leaves"": 31}",17.743446904963363,6.154248922129264,13.229265459691362,0.9058977791856874,33.59493550658536
75,"{""colsample_bytree"": 0.8, ""learning_rate"": 0.01, ""min_child_samples"": 50, ""n_estimators"": 200, ""num_leaves"": 31}",17.2311947192648,4.708538210210927,12.974792860067943,0.9124018023281302,32.649321755272545
76,"{""colsample_bytree"": 1.0, ""learning_rate"": 0.01, ""min_child_samples"": 50, ""n_estimators"": 200, ""num_leaves"": 31}",17.186667536118353,5.171005404696266,12.988377996670033,0.9124612917406135,32.69795223495543
77,"{""colsample_bytree"": 0.8, ""learning_rate"": 0.01, ""min_child_samples"": 20, ""n_estimators"": 500, ""num_leaves"": 31}",13.614998566661512,4.806737054317925,8.5058408484575,0.9445356707416493,21.342502190492734
78,"{""colsample_bytree"": 1.0, ""learning_rate"": 0.01, ""min_child_samples"": 20, ""n_estimators"": 500, ""num_leaves"": 31}",14.289217163866857,5.642225113941648,8.914467754473314,0.9382454758441722,23.027580911262604
79,"{""colsample_bytree"": 0.8, ""learning_rate"": 0.01, ""min_child_samples"": 50, ""n_estimators"": 500, ""num_leaves"": 31}",13.072634258756878,3.7870777266471425,8.23689023197556,0.949399933032919,21.129248319417247
80,"{""colsample_bytree"": 1.0, ""learning_rate"": 0.01, ""min_child_samples"": 50, ""n_estimators"": 500, ""num_leaves"": 31}",13.288474192313197,4.363595751925283,8.513775259285984,0.9473765298865432,21.381576988410227
81,"{""colsample_bytree"": 0.8, ""learning_rate"": 0.01, ""min_child_samples"": 20, ""n_estimators"": 1000, ""num_leaves"": 31}",13.703451952036602,4.995198505178575,8.648037235109634,0.9436803749937059,20.486786569075644
82,"{""colsample_bytree"": 1.0, ""learning_rate"": 0.01, ""min_child_samples"": 20, ""n_estimators"": 1000, ""num_leaves"": 31}",14.34673144956483,5.727943279879811,9.030005044440282,0.9377044964257912,22.152556291014516
83,"{""colsample_bytree"": 0.8, ""learning_rate"": 0.01, ""min_child_samples"": 50, ""n_estimators"": 1000, ""num_leaves"": 31}",13.12988283980353,4.066696319863645,8.402195392692585,0.9488423978836096,20.099909854361652
84,"{""colsample_bytree"": 1.0, ""learning_rate"": 0.01, ""min_child_samples"": 50, ""n_estimators"": 1000, ""num_leaves"": 31}",13.334480716731148,4.604903537861286,8.620150970816558,0.946871758846615,20.431699057925627
85,"{""colsample_bytree"": 0.8, ""learning_rate"": 0.05, ""min_child_samples"": 20, ""n_estimators"": 200, ""num_leaves"": 31}",13.694345217156714,4.91973531602423,8.761606400096627,0.9437894176409176,19.912391463441406
86,"{""colsample_bytree"": 1.0, ""learning_rate"": 0.05, ""min_child_samples"": 20, ""n_estimators"": 200, ""num_leaves"": 31}",14.481948262406718,5.905749730260273,9.09550595564111,0.9363819663967861,22.296781873092133
87,"{""colsample_bytree"": 0.8, ""learning_rate"": 0.05, ""min_child_samples"": 50, ""n_estimators"": 200, ""num_leaves"": 31}",13.313409344811554,4.394128144209561,8.572610964257668,0.9472137980967098,19.746414830445506
88,"{""colsample_bytree"": 1.0, ""learning_rate"": 0.05, ""min_child_samples"": 50, ""n_estimators"": 200, ""num_leaves"": 31}",13.289027970056315,4.541552917966639,8.583806653067738,0.9472730617009834,20.251286632593033
89,"{""colsample_bytree"": 0.8, ""learning_rate"": 0.05, ""min_child_samples"": 20, ""n_estimators"": 500, ""num_leaves"": 31}",13.891079293980141,5.169941887888709,8.914718073108059,0.9419994865093044,19.49993870533726
90,"{""colsample_bytree"": 1.0, ""learning_rate"": 0.05, ""min_child_samples"": 20, ""n_estimators"": 500, ""num_leaves"": 31}",14.632084746971195,6.122544062688626,9.26336627674762,0.9348808665217415,22.28589357810225
91,"{""colsample_bytree"": 0.8, ""learning_rate"": 0.05, ""min_child_samples"": 50, ""n_estimators"": 500, ""num_leaves"": 31}",13.680895657706927,4.619226889435474,8.971883903330353,0.9442331953911999,19.84918414418401
92,"{""colsample_bytree"": 1.0, ""learning_rate"": 0.05, ""min_child_samples"": 50, ""n_estimators"": 500, ""num_leaves"": 31}",13.64496233098511,4.771824744180276,8.983741246835619,0.9443720389460027,20.553896569291197
93,"{""colsample_bytree"": 0.8, ""learning_rate"": 0.05, ""min_child_samples"": 20, ""n_estimators"": 1000, ""num_leaves"": 31}",13.92417835956865,5.232150248491737,8.932872988911857,0.9416782191002468,19.528613770066166
94,"{""colsample_bytree"": 1.0, ""learning_rate"": 0.05, ""min_child_samples"": 20, ""n_estimators"": 1000, ""num_leaves"": 31}",14.660363866470135,6.1607399780290395,9.283591748894809,0.9345919149949379,22.312708247582908
95,"{""colsample_bytree"": 0.8, ""learning_rate"": 0.05, ""min_child_samples"": 50, ""n_estimators"": 1000, ""num_leaves"": 31}",13.780961349276689,4.700944637846441,9.071880156222422,0.9433846909447255,19.630723904448928
96,"{""colsample_bytree"": 1.0, ""learning_rate"": 0.05, ""min_child_samples"": 50, ""n_estimators"": 1000, ""num_leaves"": 31}",13.754902608721627,4.863404701366431,9.091480546724647,0.9434360808139979,20.530942116782004
97,"{""colsample_bytree"": 0.8, ""learning_rate"": 0.1, ""min_child_samples"": 20, ""n_estimators"": 200, ""num_leaves"": 31}",14.248886011791749,5.364243030012253,9.102675431680465,0.9389030525108287,19.677483531004984
98,"{""colsample_bytree"": 1.0, ""learning_rate"": 0.1, ""min_child_samples"": 20, ""n_estimators"": 200, ""num_leaves"": 31}",14.762818799803403,6.111122060891467,9.47569346743758,0.9337830594147682,20.80606439957073
99,"{""colsample_bytree"": 0.8, ""learning_rate"": 0.1, ""min_child_samples"": 50, ""n_estimators"": 200, ""num_leaves"": 31}",13.269102333553562,4.073793142494979,8.668676803840485,0.9478293092063357,18.978701924425867
100,"{""colsample_bytree"": 1.0, ""learning_rate"": 0.1, ""min_child_samples"": 50, ""n_estimators"": 200, ""num_leaves"": 31}",13.686140668999492,4.921882811918742,9.060448817186925,0.9438996872658117,20.327638902051625
101,"{""colsample_bytree"": 0.8, ""learning_rate"": 0.1, ""min_child_samples"": 20, ""n_estimators"": 500, ""num_leaves"": 31}",14.324022053582773,5.459125006009024,9.186094757054363,0.9381921360675279,19.768418700738582
102,"{""colsample_bytree"": 1.0, ""learning_rate"": 0.1, ""min_child_samples"": 20, ""n_estimators"": 500, ""num_leaves"": 31}",14.833366929996147,6.143205304294486,9.528777897828741,0.93314376852446,20.96533484027965
103,"{""colsample_bytree"": 0.8, ""learning_rate"": 0.1, ""min_child_samples"": 50, ""n_estimators"": 500, ""num_leaves"": 31}",13.412136427695005,4.220385139465019,8.802485732204255,0.9466474632476016,18.764225701352316
104,"{""colsample_bytree"": 1.0, ""learning_rate"": 0.1, ""min_child_samples"": 50, ""n_estimators"": 500, ""num_leaves"": 31}",13.862072411252315,5.092412213374466,9.189100485192448,0.9423676034271912,20.45408142592262
105,"{""colsample_bytree"": 0.8, ""learning_rate"": 0.1, ""min_child_samples"": 20, ""n_estimators"": 1000, ""num_leaves"": 31}",14.341222037172079,5.467730349621058,9.202795525327291,0.9380420912448608,19.795265497300615
106,"{""colsample_bytree"": 1.0, ""learning_rate"": 0.1, ""min_child_samples"": 20, ""n_estimators"": 1000, ""num_leaves"": 31}",14.849149943689033,6.157540223775179,9.540998889558775,0.9329925657192438,20.973769028595985
107,"{""colsample_bytree"": 0.8, ""learning_rate"": 0.1, ""min_child_samples"": 50, ""n_estimators"": 1000, ""num_leaves"": 31}",13.423500537038159,4.2134718942134874,8.823666727679543,0.946565387266299,18.585220038366035
108,"{""colsample_bytree"": 1.0, ""learning_rate"": 0.1, ""min_child_samples"": 50, ""n_estimators"": 1000, ""num_leaves"": 31}",13.885986335207088,5.106761161855115,9.208086849521807,0.9421629234471866,20.332612540560515
