dataset,column,dtype,missing,unique
raw,날짜,int64,0,257
raw,시간,int64,0,60
raw,15분,int64,0,166
raw,30분,int64,0,185
raw,45분,int64,0,187
raw,60분,int64,0,183
raw,평균,int64,0,176
raw,생산량,int64,0,1637
raw,기온,float64,0,439
raw,풍속,float64,3,70
raw,습도,int64,0,90
raw,강수량,float64,1,244
raw,전기요금(계절),float64,0,3
raw,day,int64,0,7
raw,d,int64,0,31
raw,m,int64,0,9
raw,공장인원,float64,17,3432
raw,인건비,float64,0,2
cleaned,날짜,str,0,257
cleaned,시간,int64,0,24
cleaned,15분,int64,0,166
cleaned,30분,int64,0,185
cleaned,45분,int64,0,187
cleaned,60분,int64,0,183
cleaned,평균,int64,0,176
cleaned,생산량,int64,0,1637
cleaned,기온,float64,0,439
cleaned,풍속,float64,0,73
cleaned,습도,int64,0,90
cleaned,강수량,float64,0,245
cleaned,전기요금(계절),float64,0,3
cleaned,요일,int64,0,7
cleaned,일,int64,0,31
cleaned,월,int64,0,9
cleaned,공장인원,float64,0,3432
cleaned,인건비,float64,0,2
cleaned,시간_raw,int64,0,60
cleaned,시간_복원여부,bool,0,2
cleaned,공장_셧다운_여부,bool,0,2
cleaned,전력_평균_실수,float64,0,567
cleaned,datetime,datetime64[us],0,6168
cleaned,weekday,int32,0,7
