model,feature,base_rmse,rmse_increase_mean,rmse_increase_std
xgboost,전력_평균_실수,11.533957481384277,63.75258884429932,0.31122691875042446
xgboost,생산량,11.533957481384277,1.2340869903564453,0.3131211237672015
xgboost,기온,11.533957481384277,-0.07772274017333984,0.05398064865905076
xgboost,풍속,11.533957481384277,0.0645181655883789,0.028123463942930197
xgboost,습도,11.533957481384277,-0.08488731384277344,0.023460225645525717
xgboost,강수량,11.533957481384277,0.08838634490966797,0.13356165207863552
xgboost,시간_sin,11.533957481384277,1.3878486633300782,0.08024272733011427
xgboost,시간_cos,11.533957481384277,2.4805503845214845,0.12666277086073413
xgboost,주말여부,11.533957481384277,0.33496856689453125,0.04391132364771744
lightgbm,전력_평균_실수,10.776879586546215,62.56929373887324,1.2500541409306478
lightgbm,생산량,10.776879586546215,0.026987379753930084,0.05437308825656792
lightgbm,기온,10.776879586546215,-0.03001463108401623,0.04454624982506673
lightgbm,풍속,10.776879586546215,0.009831542538300297,0.039418999441940904
lightgbm,습도,10.776879586546215,-0.011214609102397332,0.029444285796720097
lightgbm,강수량,10.776879586546215,0.039304820364913694,0.0445622880372998
lightgbm,시간_sin,10.776879586546215,0.45615061850808336,0.13967451680373535
lightgbm,시간_cos,10.776879586546215,2.9758799361429977,0.20112859277842562
lightgbm,주말여부,10.776879586546215,0.5302276509632999,0.07286001672020631
